datetime,ensemble_id,afvoergeb_id,value
2026-05-01 00:00:00,1,AFVG16,2.0483
2026-05-01 01:00:00,1,AFVG16,2.1268
2026-05-01 02:00:00,1,AFVG16,2.2178
2026-05-01 03:00:00,1,AFVG16,2.4199
2026-05-01 04:00:00,1,AFVG16,2.3733
2026-05-01 05:00:00,1,AFVG16,2.2431
2026-05-01 06:00:00,1,AFVG16,2.5895
2026-05-01 07:00:00,1,AFVG16,2.5677
2026-05-01 08:00:00,1,AFVG16,2.6393
2026-05-01 09:00:00,1,AFVG16,2.7485
2026-05-01 10:00:00,1,AFVG16,2.8202
2026-05-01 11:00:00,1,AFVG16,3.0087
2026-05-01 12:00:00,1,AFVG16,2.9757
2026-05-01 13:00:00,1,AFVG16,2.9307
2026-05-01 14:00:00,1,AFVG16,2.8339
2026-05-01 15:00:00,1,AFVG16,2.8165
2026-05-01 16:00:00,1,AFVG16,3.023
2026-05-01 17:00:00,1,AFVG16,3.1931
2026-05-01 18:00:00,1,AFVG16,3.0062
2026-05-01 19:00:00,1,AFVG16,2.9806
2026-05-01 20:00:00,1,AFVG16,3.066
2026-05-01 21:00:00,1,AFVG16,2.7511
2026-05-01 22:00:00,1,AFVG16,2.8984
2026-05-01 23:00:00,1,AFVG16,2.9883
2026-05-02 00:00:00,1,AFVG16,3.009
2026-05-02 01:00:00,1,AFVG16,2.799
2026-05-02 02:00:00,1,AFVG16,2.8429
2026-05-02 03:00:00,1,AFVG16,2.7695
2026-05-02 04:00:00,1,AFVG16,2.7904
2026-05-02 05:00:00,1,AFVG16,2.4421
2026-05-02 06:00:00,1,AFVG16,2.6262
2026-05-02 07:00:00,1,AFVG16,2.2419
2026-05-02 08:00:00,1,AFVG16,2.001
2026-05-02 09:00:00,1,AFVG16,2.225
2026-05-02 10:00:00,1,AFVG16,2.0986
2026-05-02 11:00:00,1,AFVG16,2.2857
2026-05-02 12:00:00,1,AFVG16,2.1712
2026-05-02 13:00:00,1,AFVG16,1.8054
2026-05-02 14:00:00,1,AFVG16,2.0322
2026-05-02 15:00:00,1,AFVG16,1.6722
2026-05-02 16:00:00,1,AFVG16,1.7283
2026-05-02 17:00:00,1,AFVG16,1.6176
2026-05-02 18:00:00,1,AFVG16,1.6017
2026-05-02 19:00:00,1,AFVG16,1.6331
2026-05-02 20:00:00,1,AFVG16,1.5352
2026-05-02 21:00:00,1,AFVG16,1.4249
2026-05-02 22:00:00,1,AFVG16,1.4073
2026-05-02 23:00:00,1,AFVG16,1.3238
2026-05-03 00:00:00,1,AFVG16,1.1053
2026-05-03 01:00:00,1,AFVG16,1.0446
2026-05-03 02:00:00,1,AFVG16,1.0405
2026-05-03 03:00:00,1,AFVG16,1.1509
2026-05-03 04:00:00,1,AFVG16,1.0099
2026-05-03 05:00:00,1,AFVG16,1.3757
2026-05-03 06:00:00,1,AFVG16,0.8872
2026-05-03 07:00:00,1,AFVG16,0.8369
2026-05-03 08:00:00,1,AFVG16,1.1156
2026-05-03 09:00:00,1,AFVG16,1.2191
2026-05-03 10:00:00,1,AFVG16,1.094
2026-05-03 11:00:00,1,AFVG16,1.1628
2026-05-03 12:00:00,1,AFVG16,1.2772
2026-05-03 13:00:00,1,AFVG16,1.0815
2026-05-03 14:00:00,1,AFVG16,0.9209
2026-05-03 15:00:00,1,AFVG16,1.0992
2026-05-03 16:00:00,1,AFVG16,1.3723
2026-05-03 17:00:00,1,AFVG16,1.0685
2026-05-03 18:00:00,1,AFVG16,1.3508
2026-05-03 19:00:00,1,AFVG16,1.449
2026-05-03 20:00:00,1,AFVG16,1.4329
2026-05-03 21:00:00,1,AFVG16,1.6617
2026-05-03 22:00:00,1,AFVG16,1.7163
2026-05-03 23:00:00,1,AFVG16,2.056
2026-05-01 00:00:00,2,AFVG16,2.2325
2026-05-01 01:00:00,2,AFVG16,2.1301
2026-05-01 02:00:00,2,AFVG16,2.2176
2026-05-01 03:00:00,2,AFVG16,2.2555
2026-05-01 04:00:00,2,AFVG16,2.5987
2026-05-01 05:00:00,2,AFVG16,2.4433
2026-05-01 06:00:00,2,AFVG16,2.5867
2026-05-01 07:00:00,2,AFVG16,2.7743
2026-05-01 08:00:00,2,AFVG16,2.6135
2026-05-01 09:00:00,2,AFVG16,2.733
2026-05-01 10:00:00,2,AFVG16,2.5506
2026-05-01 11:00:00,2,AFVG16,2.7083
2026-05-01 12:00:00,2,AFVG16,2.8235
2026-05-01 13:00:00,2,AFVG16,3.0026
2026-05-01 14:00:00,2,AFVG16,3.1443
2026-05-01 15:00:00,2,AFVG16,2.9809
2026-05-01 16:00:00,2,AFVG16,3.0345
2026-05-01 17:00:00,2,AFVG16,3.0251
2026-05-01 18:00:00,2,AFVG16,3.1603
2026-05-01 19:00:00,2,AFVG16,3.1224
2026-05-01 20:00:00,2,AFVG16,3.0134
2026-05-01 21:00:00,2,AFVG16,2.7978
2026-05-01 22:00:00,2,AFVG16,3.0556
2026-05-01 23:00:00,2,AFVG16,2.9414
2026-05-02 00:00:00,2,AFVG16,3.0264
2026-05-02 01:00:00,2,AFVG16,2.7901
2026-05-02 02:00:00,2,AFVG16,3.0342
2026-05-02 03:00:00,2,AFVG16,2.629
2026-05-02 04:00:00,2,AFVG16,2.8586
2026-05-02 05:00:00,2,AFVG16,2.5694
2026-05-02 06:00:00,2,AFVG16,2.4034
2026-05-02 07:00:00,2,AFVG16,2.2369
2026-05-02 08:00:00,2,AFVG16,2.306
2026-05-02 09:00:00,2,AFVG16,2.4624
2026-05-02 10:00:00,2,AFVG16,2.2899
2026-05-02 11:00:00,2,AFVG16,2.1882
2026-05-02 12:00:00,2,AFVG16,1.6452
2026-05-02 13:00:00,2,AFVG16,2.025
2026-05-02 14:00:00,2,AFVG16,1.9191
2026-05-02 15:00:00,2,AFVG16,1.6717
2026-05-02 16:00:00,2,AFVG16,1.5802
2026-05-02 17:00:00,2,AFVG16,1.5964
2026-05-02 18:00:00,2,AFVG16,1.7807
2026-05-02 19:00:00,2,AFVG16,1.2923
2026-05-02 20:00:00,2,AFVG16,1.3187
2026-05-02 21:00:00,2,AFVG16,1.5238
2026-05-02 22:00:00,2,AFVG16,1.194
2026-05-02 23:00:00,2,AFVG16,1.1528
2026-05-03 00:00:00,2,AFVG16,1.1741
2026-05-03 01:00:00,2,AFVG16,0.931
2026-05-03 02:00:00,2,AFVG16,1.1142
2026-05-03 03:00:00,2,AFVG16,0.8701
2026-05-03 04:00:00,2,AFVG16,1.1612
2026-05-03 05:00:00,2,AFVG16,1.0126
2026-05-03 06:00:00,2,AFVG16,1.3451
2026-05-03 07:00:00,2,AFVG16,1.0422
2026-05-03 08:00:00,2,AFVG16,1.2093
2026-05-03 09:00:00,2,AFVG16,0.8202
2026-05-03 10:00:00,2,AFVG16,1.0155
2026-05-03 11:00:00,2,AFVG16,1.1072
2026-05-03 12:00:00,2,AFVG16,1.3519
2026-05-03 13:00:00,2,AFVG16,0.8756
2026-05-03 14:00:00,2,AFVG16,1.32
2026-05-03 15:00:00,2,AFVG16,1.3096
2026-05-03 16:00:00,2,AFVG16,1.5058
2026-05-03 17:00:00,2,AFVG16,1.4426
2026-05-03 18:00:00,2,AFVG16,1.4081
2026-05-03 19:00:00,2,AFVG16,1.3907
2026-05-03 20:00:00,2,AFVG16,1.3541
2026-05-03 21:00:00,2,AFVG16,1.6462
2026-05-03 22:00:00,2,AFVG16,1.6663
2026-05-03 23:00:00,2,AFVG16,2.0785
2026-05-01 00:00:00,3,AFVG16,2.1168
2026-05-01 01:00:00,3,AFVG16,2.3372
2026-05-01 02:00:00,3,AFVG16,2.1325
2026-05-01 03:00:00,3,AFVG16,2.3846
2026-05-01 04:00:00,3,AFVG16,2.5562
2026-05-01 05:00:00,3,AFVG16,2.71
2026-05-01 06:00:00,3,AFVG16,2.869
2026-05-01 07:00:00,3,AFVG16,2.7061
2026-05-01 08:00:00,3,AFVG16,2.601
2026-05-01 09:00:00,3,AFVG16,2.8879
2026-05-01 10:00:00,3,AFVG16,2.9416
2026-05-01 11:00:00,3,AFVG16,2.9767
2026-05-01 12:00:00,3,AFVG16,2.8306
2026-05-01 13:00:00,3,AFVG16,3.1318
2026-05-01 14:00:00,3,AFVG16,2.9944
2026-05-01 15:00:00,3,AFVG16,3.0988
2026-05-01 16:00:00,3,AFVG16,3.1907
2026-05-01 17:00:00,3,AFVG16,3.0898
2026-05-01 18:00:00,3,AFVG16,3.0333
2026-05-01 19:00:00,3,AFVG16,3.2983
2026-05-01 20:00:00,3,AFVG16,2.9901
2026-05-01 21:00:00,3,AFVG16,2.8808
2026-05-01 22:00:00,3,AFVG16,2.9072
2026-05-01 23:00:00,3,AFVG16,3.0719
2026-05-02 00:00:00,3,AFVG16,2.8204
2026-05-02 01:00:00,3,AFVG16,2.828
2026-05-02 02:00:00,3,AFVG16,2.8718
2026-05-02 03:00:00,3,AFVG16,2.5531
2026-05-02 04:00:00,3,AFVG16,2.3042
2026-05-02 05:00:00,3,AFVG16,2.5374
2026-05-02 06:00:00,3,AFVG16,2.4528
2026-05-02 07:00:00,3,AFVG16,2.2501
2026-05-02 08:00:00,3,AFVG16,2.3925
2026-05-02 09:00:00,3,AFVG16,2.2717
2026-05-02 10:00:00,3,AFVG16,1.9489
2026-05-02 11:00:00,3,AFVG16,2.0927
2026-05-02 12:00:00,3,AFVG16,1.9022
2026-05-02 13:00:00,3,AFVG16,1.6264
2026-05-02 14:00:00,3,AFVG16,1.835
2026-05-02 15:00:00,3,AFVG16,1.6802
2026-05-02 16:00:00,3,AFVG16,1.4972
2026-05-02 17:00:00,3,AFVG16,1.6122
2026-05-02 18:00:00,3,AFVG16,1.5349
2026-05-02 19:00:00,3,AFVG16,1.3068
2026-05-02 20:00:00,3,AFVG16,1.3894
2026-05-02 21:00:00,3,AFVG16,1.4222
2026-05-02 22:00:00,3,AFVG16,1.1087
2026-05-02 23:00:00,3,AFVG16,1.2238
2026-05-03 00:00:00,3,AFVG16,1.124
2026-05-03 01:00:00,3,AFVG16,1.4264
2026-05-03 02:00:00,3,AFVG16,0.7765
2026-05-03 03:00:00,3,AFVG16,1.136
2026-05-03 04:00:00,3,AFVG16,0.9683
2026-05-03 05:00:00,3,AFVG16,0.9886
2026-05-03 06:00:00,3,AFVG16,1.2852
2026-05-03 07:00:00,3,AFVG16,1.002
2026-05-03 08:00:00,3,AFVG16,1.3496
2026-05-03 09:00:00,3,AFVG16,0.9642
2026-05-03 10:00:00,3,AFVG16,1.1068
2026-05-03 11:00:00,3,AFVG16,1.011
2026-05-03 12:00:00,3,AFVG16,1.0177
2026-05-03 13:00:00,3,AFVG16,1.1734
2026-05-03 14:00:00,3,AFVG16,1.1703
2026-05-03 15:00:00,3,AFVG16,1.2971
2026-05-03 16:00:00,3,AFVG16,1.0101
2026-05-03 17:00:00,3,AFVG16,1.69
2026-05-03 18:00:00,3,AFVG16,1.4326
2026-05-03 19:00:00,3,AFVG16,1.7909
2026-05-03 20:00:00,3,AFVG16,1.4535
2026-05-03 21:00:00,3,AFVG16,1.7263
2026-05-03 22:00:00,3,AFVG16,2.2372
2026-05-03 23:00:00,3,AFVG16,1.7137
2026-05-01 00:00:00,4,AFVG16,2.0521
2026-05-01 01:00:00,4,AFVG16,2.2734
2026-05-01 02:00:00,4,AFVG16,2.5028
2026-05-01 03:00:00,4,AFVG16,2.6095
2026-05-01 04:00:00,4,AFVG16,2.7692
2026-05-01 05:00:00,4,AFVG16,2.6031
2026-05-01 06:00:00,4,AFVG16,2.4629
2026-05-01 07:00:00,4,AFVG16,2.6948
2026-05-01 08:00:00,4,AFVG16,2.9975
2026-05-01 09:00:00,4,AFVG16,2.9271
2026-05-01 10:00:00,4,AFVG16,2.6036
2026-05-01 11:00:00,4,AFVG16,2.9256
2026-05-01 12:00:00,4,AFVG16,3.1677
2026-05-01 13:00:00,4,AFVG16,3.2975
2026-05-01 14:00:00,4,AFVG16,3.0766
2026-05-01 15:00:00,4,AFVG16,3.0456
2026-05-01 16:00:00,4,AFVG16,2.8131
2026-05-01 17:00:00,4,AFVG16,2.8656
2026-05-01 18:00:00,4,AFVG16,2.9852
2026-05-01 19:00:00,4,AFVG16,3.033
2026-05-01 20:00:00,4,AFVG16,3.0172
2026-05-01 21:00:00,4,AFVG16,2.8247
2026-05-01 22:00:00,4,AFVG16,2.6836
2026-05-01 23:00:00,4,AFVG16,2.6938
2026-05-02 00:00:00,4,AFVG16,2.5853
2026-05-02 01:00:00,4,AFVG16,2.7986
2026-05-02 02:00:00,4,AFVG16,2.2935
2026-05-02 03:00:00,4,AFVG16,2.5242
2026-05-02 04:00:00,4,AFVG16,2.5715
2026-05-02 05:00:00,4,AFVG16,2.6587
2026-05-02 06:00:00,4,AFVG16,2.3645
2026-05-02 07:00:00,4,AFVG16,2.4249
2026-05-02 08:00:00,4,AFVG16,2.1338
2026-05-02 09:00:00,4,AFVG16,1.9997
2026-05-02 10:00:00,4,AFVG16,1.9271
2026-05-02 11:00:00,4,AFVG16,2.1741
2026-05-02 12:00:00,4,AFVG16,2.0112
2026-05-02 13:00:00,4,AFVG16,1.8532
2026-05-02 14:00:00,4,AFVG16,2.1992
2026-05-02 15:00:00,4,AFVG16,1.6164
2026-05-02 16:00:00,4,AFVG16,1.6386
2026-05-02 17:00:00,4,AFVG16,1.5191
2026-05-02 18:00:00,4,AFVG16,1.3708
2026-05-02 19:00:00,4,AFVG16,1.6867
2026-05-02 20:00:00,4,AFVG16,1.5051
2026-05-02 21:00:00,4,AFVG16,1.014
2026-05-02 22:00:00,4,AFVG16,1.1142
2026-05-02 23:00:00,4,AFVG16,1.1943
2026-05-03 00:00:00,4,AFVG16,1.2095
2026-05-03 01:00:00,4,AFVG16,0.858
2026-05-03 02:00:00,4,AFVG16,0.6968
2026-05-03 03:00:00,4,AFVG16,0.7306
2026-05-03 04:00:00,4,AFVG16,0.9942
2026-05-03 05:00:00,4,AFVG16,0.9846
2026-05-03 06:00:00,4,AFVG16,1.0541
2026-05-03 07:00:00,4,AFVG16,0.8959
2026-05-03 08:00:00,4,AFVG16,0.8437
2026-05-03 09:00:00,4,AFVG16,0.7466
2026-05-03 10:00:00,4,AFVG16,1.1287
2026-05-03 11:00:00,4,AFVG16,1.1705
2026-05-03 12:00:00,4,AFVG16,1.3058
2026-05-03 13:00:00,4,AFVG16,1.3231
2026-05-03 14:00:00,4,AFVG16,1.2291
2026-05-03 15:00:00,4,AFVG16,1.5184
2026-05-03 16:00:00,4,AFVG16,1.3587
2026-05-03 17:00:00,4,AFVG16,1.3474
2026-05-03 18:00:00,4,AFVG16,1.4397
2026-05-03 19:00:00,4,AFVG16,1.5047
2026-05-03 20:00:00,4,AFVG16,1.3449
2026-05-03 21:00:00,4,AFVG16,1.773
2026-05-03 22:00:00,4,AFVG16,1.8684
2026-05-03 23:00:00,4,AFVG16,1.8592
2026-05-01 00:00:00,5,AFVG16,2.2358
2026-05-01 01:00:00,5,AFVG16,2.4757
2026-05-01 02:00:00,5,AFVG16,2.7515
2026-05-01 03:00:00,5,AFVG16,2.5704
2026-05-01 04:00:00,5,AFVG16,2.5552
2026-05-01 05:00:00,5,AFVG16,2.605
2026-05-01 06:00:00,5,AFVG16,2.7408
2026-05-01 07:00:00,5,AFVG16,2.6139
2026-05-01 08:00:00,5,AFVG16,2.8316
2026-05-01 09:00:00,5,AFVG16,2.9004
2026-05-01 10:00:00,5,AFVG16,3.2026
2026-05-01 11:00:00,5,AFVG16,3.0956
2026-05-01 12:00:00,5,AFVG16,3.1308
2026-05-01 13:00:00,5,AFVG16,2.8836
2026-05-01 14:00:00,5,AFVG16,3.099
2026-05-01 15:00:00,5,AFVG16,2.8287
2026-05-01 16:00:00,5,AFVG16,3.0405
2026-05-01 17:00:00,5,AFVG16,3.0437
2026-05-01 18:00:00,5,AFVG16,2.8463
2026-05-01 19:00:00,5,AFVG16,3.2349
2026-05-01 20:00:00,5,AFVG16,2.9873
2026-05-01 21:00:00,5,AFVG16,2.5778
2026-05-01 22:00:00,5,AFVG16,2.9011
2026-05-01 23:00:00,5,AFVG16,2.7064
2026-05-02 00:00:00,5,AFVG16,2.7117
2026-05-02 01:00:00,5,AFVG16,2.7204
2026-05-02 02:00:00,5,AFVG16,2.6436
2026-05-02 03:00:00,5,AFVG16,2.2096
2026-05-02 04:00:00,5,AFVG16,2.2686
2026-05-02 05:00:00,5,AFVG16,2.4821
2026-05-02 06:00:00,5,AFVG16,2.4827
2026-05-02 07:00:00,5,AFVG16,2.4922
2026-05-02 08:00:00,5,AFVG16,2.3951
2026-05-02 09:00:00,5,AFVG16,1.7333
2026-05-02 10:00:00,5,AFVG16,2.0737
2026-05-02 11:00:00,5,AFVG16,1.5878
2026-05-02 12:00:00,5,AFVG16,2.0351
2026-05-02 13:00:00,5,AFVG16,1.7504
2026-05-02 14:00:00,5,AFVG16,1.4625
2026-05-02 15:00:00,5,AFVG16,1.859
2026-05-02 16:00:00,5,AFVG16,1.581
2026-05-02 17:00:00,5,AFVG16,1.1312
2026-05-02 18:00:00,5,AFVG16,1.3934
2026-05-02 19:00:00,5,AFVG16,1.1788
2026-05-02 20:00:00,5,AFVG16,1.2491
2026-05-02 21:00:00,5,AFVG16,1.1119
2026-05-02 22:00:00,5,AFVG16,1.3427
2026-05-02 23:00:00,5,AFVG16,0.8842
2026-05-03 00:00:00,5,AFVG16,1.1126
2026-05-03 01:00:00,5,AFVG16,1.3108
2026-05-03 02:00:00,5,AFVG16,0.895
2026-05-03 03:00:00,5,AFVG16,1.0379
2026-05-03 04:00:00,5,AFVG16,1.0307
2026-05-03 05:00:00,5,AFVG16,0.898
2026-05-03 06:00:00,5,AFVG16,1.1066
2026-05-03 07:00:00,5,AFVG16,1.0389
2026-05-03 08:00:00,5,AFVG16,0.9044
2026-05-03 09:00:00,5,AFVG16,1.3385
2026-05-03 10:00:00,5,AFVG16,1.2276
2026-05-03 11:00:00,5,AFVG16,1.1247
2026-05-03 12:00:00,5,AFVG16,1.101
2026-05-03 13:00:00,5,AFVG16,1.1312
2026-05-03 14:00:00,5,AFVG16,1.491
2026-05-03 15:00:00,5,AFVG16,1.3468
2026-05-03 16:00:00,5,AFVG16,1.5044
2026-05-03 17:00:00,5,AFVG16,1.4785
2026-05-03 18:00:00,5,AFVG16,1.6727
2026-05-03 19:00:00,5,AFVG16,1.6398
2026-05-03 20:00:00,5,AFVG16,1.8512
2026-05-03 21:00:00,5,AFVG16,1.7904
2026-05-03 22:00:00,5,AFVG16,2.0248
2026-05-03 23:00:00,5,AFVG16,2.0843
2026-05-01 00:00:00,6,AFVG16,2.3903
2026-05-01 01:00:00,6,AFVG16,2.3534
2026-05-01 02:00:00,6,AFVG16,2.4126
2026-05-01 03:00:00,6,AFVG16,2.5099
2026-05-01 04:00:00,6,AFVG16,2.5364
2026-05-01 05:00:00,6,AFVG16,2.8723
2026-05-01 06:00:00,6,AFVG16,2.7886
2026-05-01 07:00:00,6,AFVG16,3.0788
2026-05-01 08:00:00,6,AFVG16,3.227
2026-05-01 09:00:00,6,AFVG16,2.9244
2026-05-01 10:00:00,6,AFVG16,2.7178
2026-05-01 11:00:00,6,AFVG16,2.9155
2026-05-01 12:00:00,6,AFVG16,2.9773
2026-05-01 13:00:00,6,AFVG16,2.7745
2026-05-01 14:00:00,6,AFVG16,2.9623
2026-05-01 15:00:00,6,AFVG16,3.0381
2026-05-01 16:00:00,6,AFVG16,2.9145
2026-05-01 17:00:00,6,AFVG16,2.8496
2026-05-01 18:00:00,6,AFVG16,2.8258
2026-05-01 19:00:00,6,AFVG16,3.1759
2026-05-01 20:00:00,6,AFVG16,2.8459
2026-05-01 21:00:00,6,AFVG16,2.7013
2026-05-01 22:00:00,6,AFVG16,2.72
2026-05-01 23:00:00,6,AFVG16,2.8639
2026-05-02 00:00:00,6,AFVG16,2.5579
2026-05-02 01:00:00,6,AFVG16,2.6681
2026-05-02 02:00:00,6,AFVG16,2.6361
2026-05-02 03:00:00,6,AFVG16,2.5667
2026-05-02 04:00:00,6,AFVG16,2.5885
2026-05-02 05:00:00,6,AFVG16,2.2177
2026-05-02 06:00:00,6,AFVG16,2.3897
2026-05-02 07:00:00,6,AFVG16,2.0189
2026-05-02 08:00:00,6,AFVG16,1.9954
2026-05-02 09:00:00,6,AFVG16,2.151
2026-05-02 10:00:00,6,AFVG16,2.0118
2026-05-02 11:00:00,6,AFVG16,1.8065
2026-05-02 12:00:00,6,AFVG16,1.5465
2026-05-02 13:00:00,6,AFVG16,1.7303
2026-05-02 14:00:00,6,AFVG16,1.4749
2026-05-02 15:00:00,6,AFVG16,1.3573
2026-05-02 16:00:00,6,AFVG16,1.3285
2026-05-02 17:00:00,6,AFVG16,1.3965
2026-05-02 18:00:00,6,AFVG16,0.9797
2026-05-02 19:00:00,6,AFVG16,1.2951
2026-05-02 20:00:00,6,AFVG16,1.2155
2026-05-02 21:00:00,6,AFVG16,1.0558
2026-05-02 22:00:00,6,AFVG16,1.2591
2026-05-02 23:00:00,6,AFVG16,1.1615
2026-05-03 00:00:00,6,AFVG16,0.9515
2026-05-03 01:00:00,6,AFVG16,0.9213
2026-05-03 02:00:00,6,AFVG16,1.1122
2026-05-03 03:00:00,6,AFVG16,0.7735
2026-05-03 04:00:00,6,AFVG16,0.9509
2026-05-03 05:00:00,6,AFVG16,0.9131
2026-05-03 06:00:00,6,AFVG16,1.032
2026-05-03 07:00:00,6,AFVG16,1.0737
2026-05-03 08:00:00,6,AFVG16,1.0747
2026-05-03 09:00:00,6,AFVG16,1.2731
2026-05-03 10:00:00,6,AFVG16,1.177
2026-05-03 11:00:00,6,AFVG16,1.1414
2026-05-03 12:00:00,6,AFVG16,1.0585
2026-05-03 13:00:00,6,AFVG16,1.4051
2026-05-03 14:00:00,6,AFVG16,1.4377
2026-05-03 15:00:00,6,AFVG16,1.6421
2026-05-03 16:00:00,6,AFVG16,1.3825
2026-05-03 17:00:00,6,AFVG16,1.5721
2026-05-03 18:00:00,6,AFVG16,1.6359
2026-05-03 19:00:00,6,AFVG16,1.7106
2026-05-03 20:00:00,6,AFVG16,1.8063
2026-05-03 21:00:00,6,AFVG16,1.6299
2026-05-03 22:00:00,6,AFVG16,2.0939
2026-05-03 23:00:00,6,AFVG16,2.1514
2026-05-01 00:00:00,7,AFVG16,2.6402
2026-05-01 01:00:00,7,AFVG16,2.8799
2026-05-01 02:00:00,7,AFVG16,2.5626
2026-05-01 03:00:00,7,AFVG16,2.6689
2026-05-01 04:00:00,7,AFVG16,2.7349
2026-05-01 05:00:00,7,AFVG16,3.0788
2026-05-01 06:00:00,7,AFVG16,2.5763
2026-05-01 07:00:00,7,AFVG16,2.9517
2026-05-01 08:00:00,7,AFVG16,2.6948
2026-05-01 09:00:00,7,AFVG16,2.5585
2026-05-01 10:00:00,7,AFVG16,2.6664
2026-05-01 11:00:00,7,AFVG16,2.7793
2026-05-01 12:00:00,7,AFVG16,3.1571
2026-05-01 13:00:00,7,AFVG16,2.8697
2026-05-01 14:00:00,7,AFVG16,2.9622
2026-05-01 15:00:00,7,AFVG16,2.8112
2026-05-01 16:00:00,7,AFVG16,3.0599
2026-05-01 17:00:00,7,AFVG16,2.7788
2026-05-01 18:00:00,7,AFVG16,3.1111
2026-05-01 19:00:00,7,AFVG16,2.7274
2026-05-01 20:00:00,7,AFVG16,2.7185
2026-05-01 21:00:00,7,AFVG16,2.8027
2026-05-01 22:00:00,7,AFVG16,2.7337
2026-05-01 23:00:00,7,AFVG16,2.8842
2026-05-02 00:00:00,7,AFVG16,2.6245
2026-05-02 01:00:00,7,AFVG16,2.357
2026-05-02 02:00:00,7,AFVG16,2.3821
2026-05-02 03:00:00,7,AFVG16,2.305
2026-05-02 04:00:00,7,AFVG16,2.4217
2026-05-02 05:00:00,7,AFVG16,2.2903
2026-05-02 06:00:00,7,AFVG16,2.1331
2026-05-02 07:00:00,7,AFVG16,2.1986
2026-05-02 08:00:00,7,AFVG16,1.9057
2026-05-02 09:00:00,7,AFVG16,1.8813
2026-05-02 10:00:00,7,AFVG16,1.8464
2026-05-02 11:00:00,7,AFVG16,1.9672
2026-05-02 12:00:00,7,AFVG16,1.6438
2026-05-02 13:00:00,7,AFVG16,1.5289
2026-05-02 14:00:00,7,AFVG16,1.3505
2026-05-02 15:00:00,7,AFVG16,1.5396
2026-05-02 16:00:00,7,AFVG16,1.2817
2026-05-02 17:00:00,7,AFVG16,1.359
2026-05-02 18:00:00,7,AFVG16,0.9645
2026-05-02 19:00:00,7,AFVG16,1.3538
2026-05-02 20:00:00,7,AFVG16,0.9507
2026-05-02 21:00:00,7,AFVG16,0.9929
2026-05-02 22:00:00,7,AFVG16,1.2335
2026-05-02 23:00:00,7,AFVG16,0.8462
2026-05-03 00:00:00,7,AFVG16,1.0127
2026-05-03 01:00:00,7,AFVG16,1.0208
2026-05-03 02:00:00,7,AFVG16,0.8518
2026-05-03 03:00:00,7,AFVG16,1.2018
2026-05-03 04:00:00,7,AFVG16,1.231
2026-05-03 05:00:00,7,AFVG16,0.7231
2026-05-03 06:00:00,7,AFVG16,0.8209
2026-05-03 07:00:00,7,AFVG16,1.1857
2026-05-03 08:00:00,7,AFVG16,0.9016
2026-05-03 09:00:00,7,AFVG16,1.0777
2026-05-03 10:00:00,7,AFVG16,1.2003
2026-05-03 11:00:00,7,AFVG16,1.3353
2026-05-03 12:00:00,7,AFVG16,1.2539
2026-05-03 13:00:00,7,AFVG16,1.3626
2026-05-03 14:00:00,7,AFVG16,1.2972
2026-05-03 15:00:00,7,AFVG16,1.677
2026-05-03 16:00:00,7,AFVG16,1.4819
2026-05-03 17:00:00,7,AFVG16,1.6833
2026-05-03 18:00:00,7,AFVG16,1.6343
2026-05-03 19:00:00,7,AFVG16,1.8076
2026-05-03 20:00:00,7,AFVG16,1.8486
2026-05-03 21:00:00,7,AFVG16,1.9325
2026-05-03 22:00:00,7,AFVG16,1.8881
2026-05-03 23:00:00,7,AFVG16,2.2426
2026-05-01 00:00:00,8,AFVG16,2.7433
2026-05-01 01:00:00,8,AFVG16,2.6363
2026-05-01 02:00:00,8,AFVG16,2.7742
2026-05-01 03:00:00,8,AFVG16,2.85
2026-05-01 04:00:00,8,AFVG16,2.9184
2026-05-01 05:00:00,8,AFVG16,2.8741
2026-05-01 06:00:00,8,AFVG16,2.9042
2026-05-01 07:00:00,8,AFVG16,3.0396
2026-05-01 08:00:00,8,AFVG16,2.9517
2026-05-01 09:00:00,8,AFVG16,2.8201
2026-05-01 10:00:00,8,AFVG16,2.9879
2026-05-01 11:00:00,8,AFVG16,2.7123
2026-05-01 12:00:00,8,AFVG16,2.9991
2026-05-01 13:00:00,8,AFVG16,3.0594
2026-05-01 14:00:00,8,AFVG16,3.1733
2026-05-01 15:00:00,8,AFVG16,2.9942
2026-05-01 16:00:00,8,AFVG16,3.0877
2026-05-01 17:00:00,8,AFVG16,2.9187
2026-05-01 18:00:00,8,AFVG16,2.7292
2026-05-01 19:00:00,8,AFVG16,2.6288
2026-05-01 20:00:00,8,AFVG16,2.6471
2026-05-01 21:00:00,8,AFVG16,2.5341
2026-05-01 22:00:00,8,AFVG16,2.7754
2026-05-01 23:00:00,8,AFVG16,2.5859
2026-05-02 00:00:00,8,AFVG16,2.6349
2026-05-02 01:00:00,8,AFVG16,2.4889
2026-05-02 02:00:00,8,AFVG16,2.5597
2026-05-02 03:00:00,8,AFVG16,2.4846
2026-05-02 04:00:00,8,AFVG16,2.1489
2026-05-02 05:00:00,8,AFVG16,2.123
2026-05-02 06:00:00,8,AFVG16,2.0016
2026-05-02 07:00:00,8,AFVG16,1.7551
2026-05-02 08:00:00,8,AFVG16,2.0163
2026-05-02 09:00:00,8,AFVG16,2.0107
2026-05-02 10:00:00,8,AFVG16,1.7499
2026-05-02 11:00:00,8,AFVG16,1.5972
2026-05-02 12:00:00,8,AFVG16,1.7573
2026-05-02 13:00:00,8,AFVG16,1.1673
2026-05-02 14:00:00,8,AFVG16,1.4744
2026-05-02 15:00:00,8,AFVG16,1.4018
2026-05-02 16:00:00,8,AFVG16,1.2315
2026-05-02 17:00:00,8,AFVG16,1.4674
2026-05-02 18:00:00,8,AFVG16,1.351
2026-05-02 19:00:00,8,AFVG16,1.1184
2026-05-02 20:00:00,8,AFVG16,1.1027
2026-05-02 21:00:00,8,AFVG16,1.0217
2026-05-02 22:00:00,8,AFVG16,0.9736
2026-05-02 23:00:00,8,AFVG16,0.8314
2026-05-03 00:00:00,8,AFVG16,1.2186
2026-05-03 01:00:00,8,AFVG16,1.1566
2026-05-03 02:00:00,8,AFVG16,1.1198
2026-05-03 03:00:00,8,AFVG16,0.8406
2026-05-03 04:00:00,8,AFVG16,1.3285
2026-05-03 05:00:00,8,AFVG16,1.3317
2026-05-03 06:00:00,8,AFVG16,1.088
2026-05-03 07:00:00,8,AFVG16,0.9558
2026-05-03 08:00:00,8,AFVG16,0.9994
2026-05-03 09:00:00,8,AFVG16,1.2361
2026-05-03 10:00:00,8,AFVG16,1.0861
2026-05-03 11:00:00,8,AFVG16,1.273
2026-05-03 12:00:00,8,AFVG16,1.5015
2026-05-03 13:00:00,8,AFVG16,1.1769
2026-05-03 14:00:00,8,AFVG16,1.7726
2026-05-03 15:00:00,8,AFVG16,1.7793
2026-05-03 16:00:00,8,AFVG16,1.4344
2026-05-03 17:00:00,8,AFVG16,1.4862
2026-05-03 18:00:00,8,AFVG16,1.7361
2026-05-03 19:00:00,8,AFVG16,1.7059
2026-05-03 20:00:00,8,AFVG16,1.904
2026-05-03 21:00:00,8,AFVG16,1.6396
2026-05-03 22:00:00,8,AFVG16,2.0756
2026-05-03 23:00:00,8,AFVG16,2.4627
2026-05-01 00:00:00,9,AFVG16,2.4217
2026-05-01 01:00:00,9,AFVG16,2.6134
2026-05-01 02:00:00,9,AFVG16,2.4916
2026-05-01 03:00:00,9,AFVG16,2.8665
2026-05-01 04:00:00,9,AFVG16,2.7873
2026-05-01 05:00:00,9,AFVG16,3.1569
2026-05-01 06:00:00,9,AFVG16,2.9354
2026-05-01 07:00:00,9,AFVG16,2.881
2026-05-01 08:00:00,9,AFVG16,3.0452
2026-05-01 09:00:00,9,AFVG16,2.9059
2026-05-01 10:00:00,9,AFVG16,2.7933
2026-05-01 11:00:00,9,AFVG16,3.045
2026-05-01 12:00:00,9,AFVG16,2.972
2026-05-01 13:00:00,9,AFVG16,3.0148
2026-05-01 14:00:00,9,AFVG16,3.0309
2026-05-01 15:00:00,9,AFVG16,2.876
2026-05-01 16:00:00,9,AFVG16,2.9872
2026-05-01 17:00:00,9,AFVG16,3.1495
2026-05-01 18:00:00,9,AFVG16,2.6815
2026-05-01 19:00:00,9,AFVG16,3.0612
2026-05-01 20:00:00,9,AFVG16,2.7115
2026-05-01 21:00:00,9,AFVG16,2.5751
2026-05-01 22:00:00,9,AFVG16,2.9915
2026-05-01 23:00:00,9,AFVG16,2.5837
2026-05-02 00:00:00,9,AFVG16,2.6951
2026-05-02 01:00:00,9,AFVG16,2.5379
2026-05-02 02:00:00,9,AFVG16,2.086
2026-05-02 03:00:00,9,AFVG16,2.2767
2026-05-02 04:00:00,9,AFVG16,2.0985
2026-05-02 05:00:00,9,AFVG16,1.8935
2026-05-02 06:00:00,9,AFVG16,1.7458
2026-05-02 07:00:00,9,AFVG16,1.9437
2026-05-02 08:00:00,9,AFVG16,1.9341
2026-05-02 09:00:00,9,AFVG16,1.8224
2026-05-02 10:00:00,9,AFVG16,1.6379
2026-05-02 11:00:00,9,AFVG16,1.4861
2026-05-02 12:00:00,9,AFVG16,1.3828
2026-05-02 13:00:00,9,AFVG16,1.3756
2026-05-02 14:00:00,9,AFVG16,1.2358
2026-05-02 15:00:00,9,AFVG16,1.2964
2026-05-02 16:00:00,9,AFVG16,1.2642
2026-05-02 17:00:00,9,AFVG16,1.0791
2026-05-02 18:00:00,9,AFVG16,1.13
2026-05-02 19:00:00,9,AFVG16,1.0079
2026-05-02 20:00:00,9,AFVG16,1.0845
2026-05-02 21:00:00,9,AFVG16,1.1308
2026-05-02 22:00:00,9,AFVG16,1.0576
2026-05-02 23:00:00,9,AFVG16,1.0845
2026-05-03 00:00:00,9,AFVG16,0.7556
2026-05-03 01:00:00,9,AFVG16,0.9432
2026-05-03 02:00:00,9,AFVG16,1.0451
2026-05-03 03:00:00,9,AFVG16,1.1102
2026-05-03 04:00:00,9,AFVG16,0.7916
2026-05-03 05:00:00,9,AFVG16,1.0792
2026-05-03 06:00:00,9,AFVG16,1.2669
2026-05-03 07:00:00,9,AFVG16,1.0961
2026-05-03 08:00:00,9,AFVG16,1.1517
2026-05-03 09:00:00,9,AFVG16,1.2823
2026-05-03 10:00:00,9,AFVG16,1.306
2026-05-03 11:00:00,9,AFVG16,1.4295
2026-05-03 12:00:00,9,AFVG16,1.4031
2026-05-03 13:00:00,9,AFVG16,1.4834
2026-05-03 14:00:00,9,AFVG16,1.4151
2026-05-03 15:00:00,9,AFVG16,1.5821
2026-05-03 16:00:00,9,AFVG16,1.8735
2026-05-03 17:00:00,9,AFVG16,1.7351
2026-05-03 18:00:00,9,AFVG16,1.8221
2026-05-03 19:00:00,9,AFVG16,1.8565
2026-05-03 20:00:00,9,AFVG16,2.1316
2026-05-03 21:00:00,9,AFVG16,1.9685
2026-05-03 22:00:00,9,AFVG16,2.3158
2026-05-03 23:00:00,9,AFVG16,2.1199
2026-05-01 00:00:00,10,AFVG16,2.4856
2026-05-01 01:00:00,10,AFVG16,2.7365
2026-05-01 02:00:00,10,AFVG16,2.7817
2026-05-01 03:00:00,10,AFVG16,2.858
2026-05-01 04:00:00,10,AFVG16,3.0184
2026-05-01 05:00:00,10,AFVG16,2.8368
2026-05-01 06:00:00,10,AFVG16,2.9985
2026-05-01 07:00:00,10,AFVG16,2.8225
2026-05-01 08:00:00,10,AFVG16,3.1681
2026-05-01 09:00:00,10,AFVG16,3.0876
2026-05-01 10:00:00,10,AFVG16,3.0798
2026-05-01 11:00:00,10,AFVG16,3.0271
2026-05-01 12:00:00,10,AFVG16,2.8738
2026-05-01 13:00:00,10,AFVG16,2.9284
2026-05-01 14:00:00,10,AFVG16,3.0318
2026-05-01 15:00:00,10,AFVG16,2.9261
2026-05-01 16:00:00,10,AFVG16,2.9135
2026-05-01 17:00:00,10,AFVG16,2.6507
2026-05-01 18:00:00,10,AFVG16,2.8357
2026-05-01 19:00:00,10,AFVG16,2.6529
2026-05-01 20:00:00,10,AFVG16,2.5372
2026-05-01 21:00:00,10,AFVG16,2.6146
2026-05-01 22:00:00,10,AFVG16,2.293
2026-05-01 23:00:00,10,AFVG16,2.6059
2026-05-02 00:00:00,10,AFVG16,2.5552
2026-05-02 01:00:00,10,AFVG16,2.3426
2026-05-02 02:00:00,10,AFVG16,2.1224
2026-05-02 03:00:00,10,AFVG16,2.0486
2026-05-02 04:00:00,10,AFVG16,2.0854
2026-05-02 05:00:00,10,AFVG16,1.6614
2026-05-02 06:00:00,10,AFVG16,1.9687
2026-05-02 07:00:00,10,AFVG16,1.9584
2026-05-02 08:00:00,10,AFVG16,1.73
2026-05-02 09:00:00,10,AFVG16,1.6223
2026-05-02 10:00:00,10,AFVG16,1.6455
2026-05-02 11:00:00,10,AFVG16,1.5952
2026-05-02 12:00:00,10,AFVG16,1.6343
2026-05-02 13:00:00,10,AFVG16,1.4042
2026-05-02 14:00:00,10,AFVG16,1.2333
2026-05-02 15:00:00,10,AFVG16,1.2076
2026-05-02 16:00:00,10,AFVG16,1.2491
2026-05-02 17:00:00,10,AFVG16,1.4057
2026-05-02 18:00:00,10,AFVG16,1.0804
2026-05-02 19:00:00,10,AFVG16,0.9328
2026-05-02 20:00:00,10,AFVG16,0.9287
2026-05-02 21:00:00,10,AFVG16,0.7198
2026-05-02 22:00:00,10,AFVG16,1.0655
2026-05-02 23:00:00,10,AFVG16,0.8004
2026-05-03 00:00:00,10,AFVG16,0.8151
2026-05-03 01:00:00,10,AFVG16,0.7061
2026-05-03 02:00:00,10,AFVG16,0.8442
2026-05-03 03:00:00,10,AFVG16,1.1134
2026-05-03 04:00:00,10,AFVG16,0.8544
2026-05-03 05:00:00,10,AFVG16,0.8182
2026-05-03 06:00:00,10,AFVG16,1.1433
2026-05-03 07:00:00,10,AFVG16,1.1074
2026-05-03 08:00:00,10,AFVG16,1.2713
2026-05-03 09:00:00,10,AFVG16,1.371
2026-05-03 10:00:00,10,AFVG16,1.3172
2026-05-03 11:00:00,10,AFVG16,1.1871
2026-05-03 12:00:00,10,AFVG16,1.4307
2026-05-03 13:00:00,10,AFVG16,1.5957
2026-05-03 14:00:00,10,AFVG16,1.508
2026-05-03 15:00:00,10,AFVG16,1.4573
2026-05-03 16:00:00,10,AFVG16,1.9181
2026-05-03 17:00:00,10,AFVG16,1.772
2026-05-03 18:00:00,10,AFVG16,1.8555
2026-05-03 19:00:00,10,AFVG16,2.0025
2026-05-03 20:00:00,10,AFVG16,2.238
2026-05-03 21:00:00,10,AFVG16,2.2056
2026-05-03 22:00:00,10,AFVG16,2.1976
2026-05-03 23:00:00,10,AFVG16,2.4297
2026-05-01 00:00:00,11,AFVG16,3.0182
2026-05-01 01:00:00,11,AFVG16,2.9616
2026-05-01 02:00:00,11,AFVG16,2.9065
2026-05-01 03:00:00,11,AFVG16,2.6838
2026-05-01 04:00:00,11,AFVG16,3.4555
2026-05-01 05:00:00,11,AFVG16,2.7473
2026-05-01 06:00:00,11,AFVG16,2.8993
2026-05-01 07:00:00,11,AFVG16,2.8715
2026-05-01 08:00:00,11,AFVG16,3.2351
2026-05-01 09:00:00,11,AFVG16,3.0617
2026-05-01 10:00:00,11,AFVG16,2.7854
2026-05-01 11:00:00,11,AFVG16,3.0334
2026-05-01 12:00:00,11,AFVG16,3.0623
2026-05-01 13:00:00,11,AFVG16,2.9126
2026-05-01 14:00:00,11,AFVG16,2.7508
2026-05-01 15:00:00,11,AFVG16,2.792
2026-05-01 16:00:00,11,AFVG16,2.796
2026-05-01 17:00:00,11,AFVG16,2.8197
2026-05-01 18:00:00,11,AFVG16,2.6874
2026-05-01 19:00:00,11,AFVG16,2.8194
2026-05-01 20:00:00,11,AFVG16,2.5055
2026-05-01 21:00:00,11,AFVG16,2.3226
2026-05-01 22:00:00,11,AFVG16,2.4017
2026-05-01 23:00:00,11,AFVG16,2.6417
2026-05-02 00:00:00,11,AFVG16,2.2771
2026-05-02 01:00:00,11,AFVG16,2.6354
2026-05-02 02:00:00,11,AFVG16,2.2772
2026-05-02 03:00:00,11,AFVG16,1.9466
2026-05-02 04:00:00,11,AFVG16,1.9131
2026-05-02 05:00:00,11,AFVG16,1.9914
2026-05-02 06:00:00,11,AFVG16,1.6953
2026-05-02 07:00:00,11,AFVG16,2.146
2026-05-02 08:00:00,11,AFVG16,1.5606
2026-05-02 09:00:00,11,AFVG16,1.7327
2026-05-02 10:00:00,11,AFVG16,1.7735
2026-05-02 11:00:00,11,AFVG16,1.4651
2026-05-02 12:00:00,11,AFVG16,1.2628
2026-05-02 13:00:00,11,AFVG16,1.3059
2026-05-02 14:00:00,11,AFVG16,1.3404
2026-05-02 15:00:00,11,AFVG16,1.3616
2026-05-02 16:00:00,11,AFVG16,1.1883
2026-05-02 17:00:00,11,AFVG16,0.925
2026-05-02 18:00:00,11,AFVG16,1.1026
2026-05-02 19:00:00,11,AFVG16,0.9628
2026-05-02 20:00:00,11,AFVG16,0.7103
2026-05-02 21:00:00,11,AFVG16,0.9138
2026-05-02 22:00:00,11,AFVG16,0.7911
2026-05-02 23:00:00,11,AFVG16,1.0884
2026-05-03 00:00:00,11,AFVG16,1.2933
2026-05-03 01:00:00,11,AFVG16,1.2887
2026-05-03 02:00:00,11,AFVG16,0.9391
2026-05-03 03:00:00,11,AFVG16,0.9768
2026-05-03 04:00:00,11,AFVG16,1.1788
2026-05-03 05:00:00,11,AFVG16,1.2696
2026-05-03 06:00:00,11,AFVG16,1.0887
2026-05-03 07:00:00,11,AFVG16,1.1771
2026-05-03 08:00:00,11,AFVG16,1.5821
2026-05-03 09:00:00,11,AFVG16,1.2927
2026-05-03 10:00:00,11,AFVG16,1.2985
2026-05-03 11:00:00,11,AFVG16,1.4562
2026-05-03 12:00:00,11,AFVG16,1.596
2026-05-03 13:00:00,11,AFVG16,1.43
2026-05-03 14:00:00,11,AFVG16,1.6231
2026-05-03 15:00:00,11,AFVG16,1.5649
2026-05-03 16:00:00,11,AFVG16,1.7794
2026-05-03 17:00:00,11,AFVG16,2.1852
2026-05-03 18:00:00,11,AFVG16,2.0981
2026-05-03 19:00:00,11,AFVG16,2.0562
2026-05-03 20:00:00,11,AFVG16,2.0129
2026-05-03 21:00:00,11,AFVG16,2.1879
2026-05-03 22:00:00,11,AFVG16,2.4723
2026-05-03 23:00:00,11,AFVG16,2.3084
2026-05-01 00:00:00,12,AFVG16,2.9622
2026-05-01 01:00:00,12,AFVG16,2.5916
2026-05-01 02:00:00,12,AFVG16,2.8015
2026-05-01 03:00:00,12,AFVG16,3.148
2026-05-01 04:00:00,12,AFVG16,2.6209
2026-05-01 05:00:00,12,AFVG16,3.1293
2026-05-01 06:00:00,12,AFVG16,2.6958
2026-05-01 07:00:00,12,AFVG16,2.9756
2026-05-01 08:00:00,12,AFVG16,2.9721
2026-05-01 09:00:00,12,AFVG16,3.1235
2026-05-01 10:00:00,12,AFVG16,2.5216
2026-05-01 11:00:00,12,AFVG16,2.6951
2026-05-01 12:00:00,12,AFVG16,2.8791
2026-05-01 13:00:00,12,AFVG16,2.944
2026-05-01 14:00:00,12,AFVG16,2.7725
2026-05-01 15:00:00,12,AFVG16,2.8351
2026-05-01 16:00:00,12,AFVG16,2.646
2026-05-01 17:00:00,12,AFVG16,2.7137
2026-05-01 18:00:00,12,AFVG16,2.5914
2026-05-01 19:00:00,12,AFVG16,2.6947
2026-05-01 20:00:00,12,AFVG16,2.6803
2026-05-01 21:00:00,12,AFVG16,2.739
2026-05-01 22:00:00,12,AFVG16,2.3529
2026-05-01 23:00:00,12,AFVG16,2.3278
2026-05-02 00:00:00,12,AFVG16,2.3042
2026-05-02 01:00:00,12,AFVG16,2.1723
2026-05-02 02:00:00,12,AFVG16,2.1267
2026-05-02 03:00:00,12,AFVG16,1.8172
2026-05-02 04:00:00,12,AFVG16,2.024
2026-05-02 05:00:00,12,AFVG16,1.7479
2026-05-02 06:00:00,12,AFVG16,1.6593
2026-05-02 07:00:00,12,AFVG16,1.4838
2026-05-02 08:00:00,12,AFVG16,1.8171
2026-05-02 09:00:00,12,AFVG16,1.5454
2026-05-02 10:00:00,12,AFVG16,1.6654
2026-05-02 11:00:00,12,AFVG16,1.4638
2026-05-02 12:00:00,12,AFVG16,1.1015
2026-05-02 13:00:00,12,AFVG16,1.1329
2026-05-02 14:00:00,12,AFVG16,1.3525
2026-05-02 15:00:00,12,AFVG16,1.0727
2026-05-02 16:00:00,12,AFVG16,0.9783
2026-05-02 17:00:00,12,AFVG16,1.0751
2026-05-02 18:00:00,12,AFVG16,1.042
2026-05-02 19:00:00,12,AFVG16,0.8897
2026-05-02 20:00:00,12,AFVG16,0.9722
2026-05-02 21:00:00,12,AFVG16,0.9357
2026-05-02 22:00:00,12,AFVG16,0.6123
2026-05-02 23:00:00,12,AFVG16,1.0764
2026-05-03 00:00:00,12,AFVG16,0.8864
2026-05-03 01:00:00,12,AFVG16,1.2178
2026-05-03 02:00:00,12,AFVG16,0.8705
2026-05-03 03:00:00,12,AFVG16,0.8335
2026-05-03 04:00:00,12,AFVG16,1.2825
2026-05-03 05:00:00,12,AFVG16,0.9067
2026-05-03 06:00:00,12,AFVG16,1.0951
2026-05-03 07:00:00,12,AFVG16,1.3319
2026-05-03 08:00:00,12,AFVG16,1.2498
2026-05-03 09:00:00,12,AFVG16,1.1127
2026-05-03 10:00:00,12,AFVG16,1.4555
2026-05-03 11:00:00,12,AFVG16,1.4683
2026-05-03 12:00:00,12,AFVG16,1.7638
2026-05-03 13:00:00,12,AFVG16,1.7362
2026-05-03 14:00:00,12,AFVG16,2.1823
2026-05-03 15:00:00,12,AFVG16,1.5611
2026-05-03 16:00:00,12,AFVG16,1.8871
2026-05-03 17:00:00,12,AFVG16,1.8135
2026-05-03 18:00:00,12,AFVG16,2.23
2026-05-03 19:00:00,12,AFVG16,2.263
2026-05-03 20:00:00,12,AFVG16,2.3347
2026-05-03 21:00:00,12,AFVG16,2.1854
2026-05-03 22:00:00,12,AFVG16,2.2686
2026-05-03 23:00:00,12,AFVG16,2.1515
2026-05-01 00:00:00,13,AFVG16,3.0459
2026-05-01 01:00:00,13,AFVG16,2.9141
2026-05-01 02:00:00,13,AFVG16,2.8413
2026-05-01 03:00:00,13,AFVG16,3.0568
2026-05-01 04:00:00,13,AFVG16,3.0595
2026-05-01 05:00:00,13,AFVG16,3.1166
2026-05-01 06:00:00,13,AFVG16,2.7436
2026-05-01 07:00:00,13,AFVG16,2.8899
2026-05-01 08:00:00,13,AFVG16,3.0293
2026-05-01 09:00:00,13,AFVG16,3.0493
2026-05-01 10:00:00,13,AFVG16,3.1287
2026-05-01 11:00:00,13,AFVG16,2.8161
2026-05-01 12:00:00,13,AFVG16,2.9621
2026-05-01 13:00:00,13,AFVG16,3.2429
2026-05-01 14:00:00,13,AFVG16,2.9785
2026-05-01 15:00:00,13,AFVG16,2.962
2026-05-01 16:00:00,13,AFVG16,2.7794
2026-05-01 17:00:00,13,AFVG16,2.8428
2026-05-01 18:00:00,13,AFVG16,2.9387
2026-05-01 19:00:00,13,AFVG16,2.6198
2026-05-01 20:00:00,13,AFVG16,2.719
2026-05-01 21:00:00,13,AFVG16,2.3319
2026-05-01 22:00:00,13,AFVG16,2.4763
2026-05-01 23:00:00,13,AFVG16,2.4454
2026-05-02 00:00:00,13,AFVG16,2.1167
2026-05-02 01:00:00,13,AFVG16,2.3124
2026-05-02 02:00:00,13,AFVG16,1.9636
2026-05-02 03:00:00,13,AFVG16,1.8608
2026-05-02 04:00:00,13,AFVG16,1.8983
2026-05-02 05:00:00,13,AFVG16,2.1058
2026-05-02 06:00:00,13,AFVG16,1.7812
2026-05-02 07:00:00,13,AFVG16,1.7958
2026-05-02 08:00:00,13,AFVG16,1.4688
2026-05-02 09:00:00,13,AFVG16,1.5161
2026-05-02 10:00:00,13,AFVG16,1.2574
2026-05-02 11:00:00,13,AFVG16,1.2816
2026-05-02 12:00:00,13,AFVG16,1.4304
2026-05-02 13:00:00,13,AFVG16,1.2418
2026-05-02 14:00:00,13,AFVG16,1.4131
2026-05-02 15:00:00,13,AFVG16,1.1184
2026-05-02 16:00:00,13,AFVG16,1.0783
2026-05-02 17:00:00,13,AFVG16,1.265
2026-05-02 18:00:00,13,AFVG16,0.9481
2026-05-02 19:00:00,13,AFVG16,0.7959
2026-05-02 20:00:00,13,AFVG16,1.2044
2026-05-02 21:00:00,13,AFVG16,1.0635
2026-05-02 22:00:00,13,AFVG16,0.6757
2026-05-02 23:00:00,13,AFVG16,1.0132
2026-05-03 00:00:00,13,AFVG16,0.9589
2026-05-03 01:00:00,13,AFVG16,1.3009
2026-05-03 02:00:00,13,AFVG16,0.9563
2026-05-03 03:00:00,13,AFVG16,1.0114
2026-05-03 04:00:00,13,AFVG16,1.0011
2026-05-03 05:00:00,13,AFVG16,1.0247
2026-05-03 06:00:00,13,AFVG16,1.1285
2026-05-03 07:00:00,13,AFVG16,1.0744
2026-05-03 08:00:00,13,AFVG16,1.1961
2026-05-03 09:00:00,13,AFVG16,1.1754
2026-05-03 10:00:00,13,AFVG16,1.2614
2026-05-03 11:00:00,13,AFVG16,1.3252
2026-05-03 12:00:00,13,AFVG16,1.5572
2026-05-03 13:00:00,13,AFVG16,1.6116
2026-05-03 14:00:00,13,AFVG16,1.611
2026-05-03 15:00:00,13,AFVG16,1.9489
2026-05-03 16:00:00,13,AFVG16,1.9529
2026-05-03 17:00:00,13,AFVG16,1.9787
2026-05-03 18:00:00,13,AFVG16,2.0569
2026-05-03 19:00:00,13,AFVG16,2.4475
2026-05-03 20:00:00,13,AFVG16,2.3253
2026-05-03 21:00:00,13,AFVG16,2.4393
2026-05-03 22:00:00,13,AFVG16,2.0562
2026-05-03 23:00:00,13,AFVG16,2.4191
2026-05-01 00:00:00,14,AFVG16,2.5048
2026-05-01 01:00:00,14,AFVG16,2.81
2026-05-01 02:00:00,14,AFVG16,2.9674
2026-05-01 03:00:00,14,AFVG16,2.8413
2026-05-01 04:00:00,14,AFVG16,3.0448
2026-05-01 05:00:00,14,AFVG16,2.8315
2026-05-01 06:00:00,14,AFVG16,3.0823
2026-05-01 07:00:00,14,AFVG16,2.7669
2026-05-01 08:00:00,14,AFVG16,2.9579
2026-05-01 09:00:00,14,AFVG16,3.0503
2026-05-01 10:00:00,14,AFVG16,3.0511
2026-05-01 11:00:00,14,AFVG16,2.9283
2026-05-01 12:00:00,14,AFVG16,3.2084
2026-05-01 13:00:00,14,AFVG16,2.819
2026-05-01 14:00:00,14,AFVG16,2.7711
2026-05-01 15:00:00,14,AFVG16,2.3766
2026-05-01 16:00:00,14,AFVG16,3.0021
2026-05-01 17:00:00,14,AFVG16,2.6226
2026-05-01 18:00:00,14,AFVG16,2.438
2026-05-01 19:00:00,14,AFVG16,2.7447
2026-05-01 20:00:00,14,AFVG16,2.6603
2026-05-01 21:00:00,14,AFVG16,2.4163
2026-05-01 22:00:00,14,AFVG16,2.1072
2026-05-01 23:00:00,14,AFVG16,2.3053
2026-05-02 00:00:00,14,AFVG16,2.0677
2026-05-02 01:00:00,14,AFVG16,1.9026
2026-05-02 02:00:00,14,AFVG16,2.1514
2026-05-02 03:00:00,14,AFVG16,1.5918
2026-05-02 04:00:00,14,AFVG16,1.9142
2026-05-02 05:00:00,14,AFVG16,1.8166
2026-05-02 06:00:00,14,AFVG16,1.9757
2026-05-02 07:00:00,14,AFVG16,1.6394
2026-05-02 08:00:00,14,AFVG16,1.2074
2026-05-02 09:00:00,14,AFVG16,1.3195
2026-05-02 10:00:00,14,AFVG16,1.3874
2026-05-02 11:00:00,14,AFVG16,1.368
2026-05-02 12:00:00,14,AFVG16,1.4035
2026-05-02 13:00:00,14,AFVG16,0.9094
2026-05-02 14:00:00,14,AFVG16,1.1063
2026-05-02 15:00:00,14,AFVG16,1.2596
2026-05-02 16:00:00,14,AFVG16,1.3102
2026-05-02 17:00:00,14,AFVG16,1.3286
2026-05-02 18:00:00,14,AFVG16,0.9683
2026-05-02 19:00:00,14,AFVG16,1.1757
2026-05-02 20:00:00,14,AFVG16,1.2589
2026-05-02 21:00:00,14,AFVG16,1.1799
2026-05-02 22:00:00,14,AFVG16,1.1136
2026-05-02 23:00:00,14,AFVG16,1.1411
2026-05-03 00:00:00,14,AFVG16,0.9171
2026-05-03 01:00:00,14,AFVG16,0.8439
2026-05-03 02:00:00,14,AFVG16,1.2403
2026-05-03 03:00:00,14,AFVG16,1.0789
2026-05-03 04:00:00,14,AFVG16,1.171
2026-05-03 05:00:00,14,AFVG16,1.1383
2026-05-03 06:00:00,14,AFVG16,1.2215
2026-05-03 07:00:00,14,AFVG16,1.3756
2026-05-03 08:00:00,14,AFVG16,1.2523
2026-05-03 09:00:00,14,AFVG16,1.4849
2026-05-03 10:00:00,14,AFVG16,1.5842
2026-05-03 11:00:00,14,AFVG16,1.6114
2026-05-03 12:00:00,14,AFVG16,1.5899
2026-05-03 13:00:00,14,AFVG16,1.8999
2026-05-03 14:00:00,14,AFVG16,2.1448
2026-05-03 15:00:00,14,AFVG16,1.8567
2026-05-03 16:00:00,14,AFVG16,2.2153
2026-05-03 17:00:00,14,AFVG16,2.2466
2026-05-03 18:00:00,14,AFVG16,1.7976
2026-05-03 19:00:00,14,AFVG16,2.1623
2026-05-03 20:00:00,14,AFVG16,2.2602
2026-05-03 21:00:00,14,AFVG16,2.5494
2026-05-03 22:00:00,14,AFVG16,2.5339
2026-05-03 23:00:00,14,AFVG16,2.6469
2026-05-01 00:00:00,15,AFVG16,2.9629
2026-05-01 01:00:00,15,AFVG16,2.771
2026-05-01 02:00:00,15,AFVG16,2.826
2026-05-01 03:00:00,15,AFVG16,2.7801
2026-05-01 04:00:00,15,AFVG16,2.9569
2026-05-01 05:00:00,15,AFVG16,2.9767
2026-05-01 06:00:00,15,AFVG16,3.0255
2026-05-01 07:00:00,15,AFVG16,2.8889
2026-05-01 08:00:00,15,AFVG16,3.1254
2026-05-01 09:00:00,15,AFVG16,3.1114
2026-05-01 10:00:00,15,AFVG16,3.1835
2026-05-01 11:00:00,15,AFVG16,3.0294
2026-05-01 12:00:00,15,AFVG16,2.9152
2026-05-01 13:00:00,15,AFVG16,2.9468
2026-05-01 14:00:00,15,AFVG16,2.89
2026-05-01 15:00:00,15,AFVG16,2.6479
2026-05-01 16:00:00,15,AFVG16,2.8811
2026-05-01 17:00:00,15,AFVG16,2.8826
2026-05-01 18:00:00,15,AFVG16,2.8542
2026-05-01 19:00:00,15,AFVG16,2.4919
2026-05-01 20:00:00,15,AFVG16,2.4609
2026-05-01 21:00:00,15,AFVG16,2.3974
2026-05-01 22:00:00,15,AFVG16,2.255
2026-05-01 23:00:00,15,AFVG16,2.2669
2026-05-02 00:00:00,15,AFVG16,2.0733
2026-05-02 01:00:00,15,AFVG16,1.9792
2026-05-02 02:00:00,15,AFVG16,2.1888
2026-05-02 03:00:00,15,AFVG16,1.867
2026-05-02 04:00:00,15,AFVG16,1.7707
2026-05-02 05:00:00,15,AFVG16,1.8129
2026-05-02 06:00:00,15,AFVG16,1.6254
2026-05-02 07:00:00,15,AFVG16,1.5716
2026-05-02 08:00:00,15,AFVG16,1.4466
2026-05-02 09:00:00,15,AFVG16,1.2051
2026-05-02 10:00:00,15,AFVG16,1.3198
2026-05-02 11:00:00,15,AFVG16,1.0949
2026-05-02 12:00:00,15,AFVG16,1.243
2026-05-02 13:00:00,15,AFVG16,0.9858
2026-05-02 14:00:00,15,AFVG16,1.2579
2026-05-02 15:00:00,15,AFVG16,1.1962
2026-05-02 16:00:00,15,AFVG16,1.0957
2026-05-02 17:00:00,15,AFVG16,1.015
2026-05-02 18:00:00,15,AFVG16,1.0756
2026-05-02 19:00:00,15,AFVG16,0.7084
2026-05-02 20:00:00,15,AFVG16,0.8355
2026-05-02 21:00:00,15,AFVG16,0.9815
2026-05-02 22:00:00,15,AFVG16,1.0664
2026-05-02 23:00:00,15,AFVG16,1.0202
2026-05-03 00:00:00,15,AFVG16,0.9058
2026-05-03 01:00:00,15,AFVG16,1.1073
2026-05-03 02:00:00,15,AFVG16,1.0564
2026-05-03 03:00:00,15,AFVG16,1.0074
2026-05-03 04:00:00,15,AFVG16,1.2662
2026-05-03 05:00:00,15,AFVG16,1.2397
2026-05-03 06:00:00,15,AFVG16,1.5102
2026-05-03 07:00:00,15,AFVG16,1.4948
2026-05-03 08:00:00,15,AFVG16,1.5735
2026-05-03 09:00:00,15,AFVG16,1.5836
2026-05-03 10:00:00,15,AFVG16,1.4839
2026-05-03 11:00:00,15,AFVG16,1.5484
2026-05-03 12:00:00,15,AFVG16,1.5482
2026-05-03 13:00:00,15,AFVG16,2.2826
2026-05-03 14:00:00,15,AFVG16,1.7716
2026-05-03 15:00:00,15,AFVG16,1.9853
2026-05-03 16:00:00,15,AFVG16,2.0459
2026-05-03 17:00:00,15,AFVG16,2.1403
2026-05-03 18:00:00,15,AFVG16,2.1761
2026-05-03 19:00:00,15,AFVG16,2.0628
2026-05-03 20:00:00,15,AFVG16,2.2703
2026-05-03 21:00:00,15,AFVG16,2.2855
2026-05-03 22:00:00,15,AFVG16,2.5457
2026-05-03 23:00:00,15,AFVG16,2.5289
2026-05-01 00:00:00,16,AFVG16,2.797
2026-05-01 01:00:00,16,AFVG16,2.9656
2026-05-01 02:00:00,16,AFVG16,2.8725
2026-05-01 03:00:00,16,AFVG16,3.1197
2026-05-01 04:00:00,16,AFVG16,2.9352
2026-05-01 05:00:00,16,AFVG16,3.0332
2026-05-01 06:00:00,16,AFVG16,2.8
2026-05-01 07:00:00,16,AFVG16,3.0898
2026-05-01 08:00:00,16,AFVG16,2.916
2026-05-01 09:00:00,16,AFVG16,3.0169
2026-05-01 10:00:00,16,AFVG16,2.9772
2026-05-01 11:00:00,16,AFVG16,2.8674
2026-05-01 12:00:00,16,AFVG16,2.8856
2026-05-01 13:00:00,16,AFVG16,2.7487
2026-05-01 14:00:00,16,AFVG16,2.9564
2026-05-01 15:00:00,16,AFVG16,2.8374
2026-05-01 16:00:00,16,AFVG16,2.7076
2026-05-01 17:00:00,16,AFVG16,2.3917
2026-05-01 18:00:00,16,AFVG16,2.3334
2026-05-01 19:00:00,16,AFVG16,2.3248
2026-05-01 20:00:00,16,AFVG16,2.3108
2026-05-01 21:00:00,16,AFVG16,2.3355
2026-05-01 22:00:00,16,AFVG16,2.0527
2026-05-01 23:00:00,16,AFVG16,2.2813
2026-05-02 00:00:00,16,AFVG16,2.0221
2026-05-02 01:00:00,16,AFVG16,1.6364
2026-05-02 02:00:00,16,AFVG16,1.7841
2026-05-02 03:00:00,16,AFVG16,1.3858
2026-05-02 04:00:00,16,AFVG16,1.5805
2026-05-02 05:00:00,16,AFVG16,1.5328
2026-05-02 06:00:00,16,AFVG16,1.4481
2026-05-02 07:00:00,16,AFVG16,1.4186
2026-05-02 08:00:00,16,AFVG16,1.3396
2026-05-02 09:00:00,16,AFVG16,1.2453
2026-05-02 10:00:00,16,AFVG16,1.4999
2026-05-02 11:00:00,16,AFVG16,1.402
2026-05-02 12:00:00,16,AFVG16,0.9991
2026-05-02 13:00:00,16,AFVG16,1.3149
2026-05-02 14:00:00,16,AFVG16,0.8461
2026-05-02 15:00:00,16,AFVG16,0.9359
2026-05-02 16:00:00,16,AFVG16,1.2621
2026-05-02 17:00:00,16,AFVG16,0.6795
2026-05-02 18:00:00,16,AFVG16,1.0905
2026-05-02 19:00:00,16,AFVG16,0.812
2026-05-02 20:00:00,16,AFVG16,0.9812
2026-05-02 21:00:00,16,AFVG16,0.9854
2026-05-02 22:00:00,16,AFVG16,1.2835
2026-05-02 23:00:00,16,AFVG16,0.9305
2026-05-03 00:00:00,16,AFVG16,1.0716
2026-05-03 01:00:00,16,AFVG16,1.2122
2026-05-03 02:00:00,16,AFVG16,1.1226
2026-05-03 03:00:00,16,AFVG16,1.0852
2026-05-03 04:00:00,16,AFVG16,1.2533
2026-05-03 05:00:00,16,AFVG16,1.3349
2026-05-03 06:00:00,16,AFVG16,1.517
2026-05-03 07:00:00,16,AFVG16,1.3106
2026-05-03 08:00:00,16,AFVG16,1.4563
2026-05-03 09:00:00,16,AFVG16,1.6469
2026-05-03 10:00:00,16,AFVG16,1.651
2026-05-03 11:00:00,16,AFVG16,1.7282
2026-05-03 12:00:00,16,AFVG16,1.835
2026-05-03 13:00:00,16,AFVG16,1.8159
2026-05-03 14:00:00,16,AFVG16,1.8835
2026-05-03 15:00:00,16,AFVG16,2.1528
2026-05-03 16:00:00,16,AFVG16,2.0051
2026-05-03 17:00:00,16,AFVG16,2.4256
2026-05-03 18:00:00,16,AFVG16,2.3631
2026-05-03 19:00:00,16,AFVG16,2.2164
2026-05-03 20:00:00,16,AFVG16,2.5249
2026-05-03 21:00:00,16,AFVG16,2.5788
2026-05-03 22:00:00,16,AFVG16,2.7354
2026-05-03 23:00:00,16,AFVG16,2.858
2026-05-01 00:00:00,17,AFVG16,2.8734
2026-05-01 01:00:00,17,AFVG16,2.8499
2026-05-01 02:00:00,17,AFVG16,2.8863
2026-05-01 03:00:00,17,AFVG16,2.8443
2026-05-01 04:00:00,17,AFVG16,2.8869
2026-05-01 05:00:00,17,AFVG16,3.042
2026-05-01 06:00:00,17,AFVG16,2.9952
2026-05-01 07:00:00,17,AFVG16,2.9059
2026-05-01 08:00:00,17,AFVG16,2.8487
2026-05-01 09:00:00,17,AFVG16,2.9848
2026-05-01 10:00:00,17,AFVG16,2.8241
2026-05-01 11:00:00,17,AFVG16,2.7038
2026-05-01 12:00:00,17,AFVG16,2.7916
2026-05-01 13:00:00,17,AFVG16,2.7235
2026-05-01 14:00:00,17,AFVG16,2.5463
2026-05-01 15:00:00,17,AFVG16,2.7695
2026-05-01 16:00:00,17,AFVG16,2.7065
2026-05-01 17:00:00,17,AFVG16,2.5159
2026-05-01 18:00:00,17,AFVG16,2.4561
2026-05-01 19:00:00,17,AFVG16,2.4391
2026-05-01 20:00:00,17,AFVG16,2.2764
2026-05-01 21:00:00,17,AFVG16,2.3339
2026-05-01 22:00:00,17,AFVG16,2.3664
2026-05-01 23:00:00,17,AFVG16,2.047
2026-05-02 00:00:00,17,AFVG16,2.0176
2026-05-02 01:00:00,17,AFVG16,1.9997
2026-05-02 02:00:00,17,AFVG16,1.7359
2026-05-02 03:00:00,17,AFVG16,1.5368
2026-05-02 04:00:00,17,AFVG16,1.7634
2026-05-02 05:00:00,17,AFVG16,1.3162
2026-05-02 06:00:00,17,AFVG16,1.747
2026-05-02 07:00:00,17,AFVG16,1.54
2026-05-02 08:00:00,17,AFVG16,1.3725
2026-05-02 09:00:00,17,AFVG16,1.2914
2026-05-02 10:00:00,17,AFVG16,1.4909
2026-05-02 11:00:00,17,AFVG16,1.036
2026-05-02 12:00:00,17,AFVG16,0.9593
2026-05-02 13:00:00,17,AFVG16,1.0051
2026-05-02 14:00:00,17,AFVG16,1.0233
2026-05-02 15:00:00,17,AFVG16,0.8859
2026-05-02 16:00:00,17,AFVG16,1.0409
2026-05-02 17:00:00,17,AFVG16,1.026
2026-05-02 18:00:00,17,AFVG16,0.8782
2026-05-02 19:00:00,17,AFVG16,1.2423
2026-05-02 20:00:00,17,AFVG16,0.8016
2026-05-02 21:00:00,17,AFVG16,0.8343
2026-05-02 22:00:00,17,AFVG16,1.1044
2026-05-02 23:00:00,17,AFVG16,1.0456
2026-05-03 00:00:00,17,AFVG16,1.1746
2026-05-03 01:00:00,17,AFVG16,1.0604
2026-05-03 02:00:00,17,AFVG16,1.0455
2026-05-03 03:00:00,17,AFVG16,1.1564
2026-05-03 04:00:00,17,AFVG16,1.2086
2026-05-03 05:00:00,17,AFVG16,1.4527
2026-05-03 06:00:00,17,AFVG16,1.369
2026-05-03 07:00:00,17,AFVG16,1.6262
2026-05-03 08:00:00,17,AFVG16,1.6745
2026-05-03 09:00:00,17,AFVG16,1.8196
2026-05-03 10:00:00,17,AFVG16,1.8782
2026-05-03 11:00:00,17,AFVG16,1.942
2026-05-03 12:00:00,17,AFVG16,2.0224
2026-05-03 13:00:00,17,AFVG16,1.9126
2026-05-03 14:00:00,17,AFVG16,2.0341
2026-05-03 15:00:00,17,AFVG16,1.8817
2026-05-03 16:00:00,17,AFVG16,2.2816
2026-05-03 17:00:00,17,AFVG16,2.2168
2026-05-03 18:00:00,17,AFVG16,2.4559
2026-05-03 19:00:00,17,AFVG16,2.5499
2026-05-03 20:00:00,17,AFVG16,2.3397
2026-05-03 21:00:00,17,AFVG16,2.4585
2026-05-03 22:00:00,17,AFVG16,2.622
2026-05-03 23:00:00,17,AFVG16,2.6559
2026-05-01 00:00:00,18,AFVG16,2.9771
2026-05-01 01:00:00,18,AFVG16,2.8009
2026-05-01 02:00:00,18,AFVG16,2.9967
2026-05-01 03:00:00,18,AFVG16,2.7449
2026-05-01 04:00:00,18,AFVG16,2.6765
2026-05-01 05:00:00,18,AFVG16,3.1019
2026-05-01 06:00:00,18,AFVG16,2.7864
2026-05-01 07:00:00,18,AFVG16,2.8791
2026-05-01 08:00:00,18,AFVG16,2.7247
2026-05-01 09:00:00,18,AFVG16,2.6938
2026-05-01 10:00:00,18,AFVG16,2.8067
2026-05-01 11:00:00,18,AFVG16,2.7605
2026-05-01 12:00:00,18,AFVG16,2.9191
2026-05-01 13:00:00,18,AFVG16,2.7836
2026-05-01 14:00:00,18,AFVG16,2.6164
2026-05-01 15:00:00,18,AFVG16,2.7041
2026-05-01 16:00:00,18,AFVG16,2.6887
2026-05-01 17:00:00,18,AFVG16,2.5101
2026-05-01 18:00:00,18,AFVG16,2.3115
2026-05-01 19:00:00,18,AFVG16,2.4466
2026-05-01 20:00:00,18,AFVG16,2.4786
2026-05-01 21:00:00,18,AFVG16,2.2303
2026-05-01 22:00:00,18,AFVG16,2.3138
2026-05-01 23:00:00,18,AFVG16,2.1039
2026-05-02 00:00:00,18,AFVG16,2.0092
2026-05-02 01:00:00,18,AFVG16,1.6361
2026-05-02 02:00:00,18,AFVG16,1.5517
2026-05-02 03:00:00,18,AFVG16,1.6324
2026-05-02 04:00:00,18,AFVG16,1.313
2026-05-02 05:00:00,18,AFVG16,1.4012
2026-05-02 06:00:00,18,AFVG16,1.5504
2026-05-02 07:00:00,18,AFVG16,1.2547
2026-05-02 08:00:00,18,AFVG16,1.3731
2026-05-02 09:00:00,18,AFVG16,1.034
2026-05-02 10:00:00,18,AFVG16,1.1115
2026-05-02 11:00:00,18,AFVG16,1.2936
2026-05-02 12:00:00,18,AFVG16,1.1319
2026-05-02 13:00:00,18,AFVG16,1.1109
2026-05-02 14:00:00,18,AFVG16,1.2963
2026-05-02 15:00:00,18,AFVG16,1.2149
2026-05-02 16:00:00,18,AFVG16,0.8756
2026-05-02 17:00:00,18,AFVG16,1.1983
2026-05-02 18:00:00,18,AFVG16,0.9088
2026-05-02 19:00:00,18,AFVG16,1.0059
2026-05-02 20:00:00,18,AFVG16,1.0252
2026-05-02 21:00:00,18,AFVG16,1.2049
2026-05-02 22:00:00,18,AFVG16,0.9023
2026-05-02 23:00:00,18,AFVG16,1.1736
2026-05-03 00:00:00,18,AFVG16,1.2248
2026-05-03 01:00:00,18,AFVG16,1.3143
2026-05-03 02:00:00,18,AFVG16,1.2129
2026-05-03 03:00:00,18,AFVG16,1.4521
2026-05-03 04:00:00,18,AFVG16,1.2568
2026-05-03 05:00:00,18,AFVG16,1.602
2026-05-03 06:00:00,18,AFVG16,1.5532
2026-05-03 07:00:00,18,AFVG16,1.3642
2026-05-03 08:00:00,18,AFVG16,1.7122
2026-05-03 09:00:00,18,AFVG16,1.7571
2026-05-03 10:00:00,18,AFVG16,1.7579
2026-05-03 11:00:00,18,AFVG16,1.7832
2026-05-03 12:00:00,18,AFVG16,1.9408
2026-05-03 13:00:00,18,AFVG16,1.8438
2026-05-03 14:00:00,18,AFVG16,2.3966
2026-05-03 15:00:00,18,AFVG16,2.0556
2026-05-03 16:00:00,18,AFVG16,2.206
2026-05-03 17:00:00,18,AFVG16,2.5551
2026-05-03 18:00:00,18,AFVG16,2.5467
2026-05-03 19:00:00,18,AFVG16,2.6393
2026-05-03 20:00:00,18,AFVG16,2.8275
2026-05-03 21:00:00,18,AFVG16,2.6177
2026-05-03 22:00:00,18,AFVG16,2.5674
2026-05-03 23:00:00,18,AFVG16,2.9059
2026-05-01 00:00:00,19,AFVG16,3.0906
2026-05-01 01:00:00,19,AFVG16,2.9386
2026-05-01 02:00:00,19,AFVG16,2.8074
2026-05-01 03:00:00,19,AFVG16,3.1858
2026-05-01 04:00:00,19,AFVG16,3.0821
2026-05-01 05:00:00,19,AFVG16,2.7786
2026-05-01 06:00:00,19,AFVG16,3.0836
2026-05-01 07:00:00,19,AFVG16,2.7258
2026-05-01 08:00:00,19,AFVG16,2.8383
2026-05-01 09:00:00,19,AFVG16,2.7046
2026-05-01 10:00:00,19,AFVG16,2.7339
2026-05-01 11:00:00,19,AFVG16,2.6552
2026-05-01 12:00:00,19,AFVG16,2.6334
2026-05-01 13:00:00,19,AFVG16,2.7742
2026-05-01 14:00:00,19,AFVG16,2.6453
2026-05-01 15:00:00,19,AFVG16,2.6268
2026-05-01 16:00:00,19,AFVG16,2.6241
2026-05-01 17:00:00,19,AFVG16,2.3288
2026-05-01 18:00:00,19,AFVG16,2.3186
2026-05-01 19:00:00,19,AFVG16,2.307
2026-05-01 20:00:00,19,AFVG16,2.4004
2026-05-01 21:00:00,19,AFVG16,2.1964
2026-05-01 22:00:00,19,AFVG16,2.1855
2026-05-01 23:00:00,19,AFVG16,2.048
2026-05-02 00:00:00,19,AFVG16,1.9713
2026-05-02 01:00:00,19,AFVG16,1.4639
2026-05-02 02:00:00,19,AFVG16,1.7845
2026-05-02 03:00:00,19,AFVG16,1.6074
2026-05-02 04:00:00,19,AFVG16,1.5097
2026-05-02 05:00:00,19,AFVG16,1.3521
2026-05-02 06:00:00,19,AFVG16,1.3009
2026-05-02 07:00:00,19,AFVG16,1.365
2026-05-02 08:00:00,19,AFVG16,1.3714
2026-05-02 09:00:00,19,AFVG16,0.9687
2026-05-02 10:00:00,19,AFVG16,1.1797
2026-05-02 11:00:00,19,AFVG16,1.0224
2026-05-02 12:00:00,19,AFVG16,0.9296
2026-05-02 13:00:00,19,AFVG16,1.1033
2026-05-02 14:00:00,19,AFVG16,0.9739
2026-05-02 15:00:00,19,AFVG16,0.9099
2026-05-02 16:00:00,19,AFVG16,0.8858
2026-05-02 17:00:00,19,AFVG16,1.0428
2026-05-02 18:00:00,19,AFVG16,1.0054
2026-05-02 19:00:00,19,AFVG16,0.8564
2026-05-02 20:00:00,19,AFVG16,0.914
2026-05-02 21:00:00,19,AFVG16,1.0394
2026-05-02 22:00:00,19,AFVG16,1.1607
2026-05-02 23:00:00,19,AFVG16,0.9819
2026-05-03 00:00:00,19,AFVG16,1.258
2026-05-03 01:00:00,19,AFVG16,1.1122
2026-05-03 02:00:00,19,AFVG16,1.7013
2026-05-03 03:00:00,19,AFVG16,1.2122
2026-05-03 04:00:00,19,AFVG16,1.3006
2026-05-03 05:00:00,19,AFVG16,1.518
2026-05-03 06:00:00,19,AFVG16,1.4268
2026-05-03 07:00:00,19,AFVG16,1.7627
2026-05-03 08:00:00,19,AFVG16,1.9876
2026-05-03 09:00:00,19,AFVG16,1.7401
2026-05-03 10:00:00,19,AFVG16,1.9064
2026-05-03 11:00:00,19,AFVG16,1.8858
2026-05-03 12:00:00,19,AFVG16,2.0468
2026-05-03 13:00:00,19,AFVG16,2.3445
2026-05-03 14:00:00,19,AFVG16,2.346
2026-05-03 15:00:00,19,AFVG16,2.1568
2026-05-03 16:00:00,19,AFVG16,2.6029
2026-05-03 17:00:00,19,AFVG16,2.6214
2026-05-03 18:00:00,19,AFVG16,2.5929
2026-05-03 19:00:00,19,AFVG16,2.4904
2026-05-03 20:00:00,19,AFVG16,2.6643
2026-05-03 21:00:00,19,AFVG16,2.5958
2026-05-03 22:00:00,19,AFVG16,2.841
2026-05-03 23:00:00,19,AFVG16,2.7737
2026-05-01 00:00:00,20,AFVG16,2.6502
2026-05-01 01:00:00,20,AFVG16,3.1351
2026-05-01 02:00:00,20,AFVG16,3.0287
2026-05-01 03:00:00,20,AFVG16,3.1586
2026-05-01 04:00:00,20,AFVG16,2.9664
2026-05-01 05:00:00,20,AFVG16,2.9982
2026-05-01 06:00:00,20,AFVG16,3.1136
2026-05-01 07:00:00,20,AFVG16,2.9743
2026-05-01 08:00:00,20,AFVG16,2.9228
2026-05-01 09:00:00,20,AFVG16,3.3191
2026-05-01 10:00:00,20,AFVG16,2.7631
2026-05-01 11:00:00,20,AFVG16,2.7599
2026-05-01 12:00:00,20,AFVG16,2.9356
2026-05-01 13:00:00,20,AFVG16,2.491
2026-05-01 14:00:00,20,AFVG16,2.3876
2026-05-01 15:00:00,20,AFVG16,2.2572
2026-05-01 16:00:00,20,AFVG16,2.4771
2026-05-01 17:00:00,20,AFVG16,2.4131
2026-05-01 18:00:00,20,AFVG16,2.3505
2026-05-01 19:00:00,20,AFVG16,1.9546
2026-05-01 20:00:00,20,AFVG16,2.2257
2026-05-01 21:00:00,20,AFVG16,2.1712
2026-05-01 22:00:00,20,AFVG16,1.8938
2026-05-01 23:00:00,20,AFVG16,1.8307
2026-05-02 00:00:00,20,AFVG16,1.8458
2026-05-02 01:00:00,20,AFVG16,1.7199
2026-05-02 02:00:00,20,AFVG16,1.6839
2026-05-02 03:00:00,20,AFVG16,1.3503
2026-05-02 04:00:00,20,AFVG16,1.416
2026-05-02 05:00:00,20,AFVG16,1.1932
2026-05-02 06:00:00,20,AFVG16,1.4069
2026-05-02 07:00:00,20,AFVG16,1.3337
2026-05-02 08:00:00,20,AFVG16,1.1865
2026-05-02 09:00:00,20,AFVG16,1.1985
2026-05-02 10:00:00,20,AFVG16,0.8791
2026-05-02 11:00:00,20,AFVG16,1.206
2026-05-02 12:00:00,20,AFVG16,0.9783
2026-05-02 13:00:00,20,AFVG16,1.0455
2026-05-02 14:00:00,20,AFVG16,1.1779
2026-05-02 15:00:00,20,AFVG16,0.8885
2026-05-02 16:00:00,20,AFVG16,1.1798
2026-05-02 17:00:00,20,AFVG16,1.024
2026-05-02 18:00:00,20,AFVG16,1.0218
2026-05-02 19:00:00,20,AFVG16,1.1199
2026-05-02 20:00:00,20,AFVG16,0.875
2026-05-02 21:00:00,20,AFVG16,1.1833
2026-05-02 22:00:00,20,AFVG16,1.1419
2026-05-02 23:00:00,20,AFVG16,1.3325
2026-05-03 00:00:00,20,AFVG16,1.1947
2026-05-03 01:00:00,20,AFVG16,1.2282
2026-05-03 02:00:00,20,AFVG16,1.3987
2026-05-03 03:00:00,20,AFVG16,1.3994
2026-05-03 04:00:00,20,AFVG16,1.3013
2026-05-03 05:00:00,20,AFVG16,1.5211
2026-05-03 06:00:00,20,AFVG16,1.8163
2026-05-03 07:00:00,20,AFVG16,1.6907
2026-05-03 08:00:00,20,AFVG16,1.6546
2026-05-03 09:00:00,20,AFVG16,1.9746
2026-05-03 10:00:00,20,AFVG16,1.6722
2026-05-03 11:00:00,20,AFVG16,1.7154
2026-05-03 12:00:00,20,AFVG16,2.1159
2026-05-03 13:00:00,20,AFVG16,2.226
2026-05-03 14:00:00,20,AFVG16,2.3128
2026-05-03 15:00:00,20,AFVG16,2.2247
2026-05-03 16:00:00,20,AFVG16,2.4125
2026-05-03 17:00:00,20,AFVG16,2.2987
2026-05-03 18:00:00,20,AFVG16,2.6114
2026-05-03 19:00:00,20,AFVG16,2.402
2026-05-03 20:00:00,20,AFVG16,2.6834
2026-05-03 21:00:00,20,AFVG16,2.8015
2026-05-03 22:00:00,20,AFVG16,2.55
2026-05-03 23:00:00,20,AFVG16,2.7807
2026-05-01 00:00:00,21,AFVG16,3.1131
2026-05-01 01:00:00,21,AFVG16,3.2322
2026-05-01 02:00:00,21,AFVG16,2.7722
2026-05-01 03:00:00,21,AFVG16,3.0399
2026-05-01 04:00:00,21,AFVG16,2.7877
2026-05-01 05:00:00,21,AFVG16,2.7487
2026-05-01 06:00:00,21,AFVG16,3.1608
2026-05-01 07:00:00,21,AFVG16,2.986
2026-05-01 08:00:00,21,AFVG16,2.7235
2026-05-01 09:00:00,21,AFVG16,2.8294
2026-05-01 10:00:00,21,AFVG16,2.8398
2026-05-01 11:00:00,21,AFVG16,2.7124
2026-05-01 12:00:00,21,AFVG16,2.9593
2026-05-01 13:00:00,21,AFVG16,2.6458
2026-05-01 14:00:00,21,AFVG16,2.0348
2026-05-01 15:00:00,21,AFVG16,2.3657
2026-05-01 16:00:00,21,AFVG16,2.2214
2026-05-01 17:00:00,21,AFVG16,2.2216
2026-05-01 18:00:00,21,AFVG16,2.1728
2026-05-01 19:00:00,21,AFVG16,1.9905
2026-05-01 20:00:00,21,AFVG16,1.8422
2026-05-01 21:00:00,21,AFVG16,2.1262
2026-05-01 22:00:00,21,AFVG16,1.9286
2026-05-01 23:00:00,21,AFVG16,1.6568
2026-05-02 00:00:00,21,AFVG16,1.7794
2026-05-02 01:00:00,21,AFVG16,1.7011
2026-05-02 02:00:00,21,AFVG16,1.715
2026-05-02 03:00:00,21,AFVG16,1.295
2026-05-02 04:00:00,21,AFVG16,1.5025
2026-05-02 05:00:00,21,AFVG16,1.2308
2026-05-02 06:00:00,21,AFVG16,1.4364
2026-05-02 07:00:00,21,AFVG16,1.1806
2026-05-02 08:00:00,21,AFVG16,0.8204
2026-05-02 09:00:00,21,AFVG16,1.1241
2026-05-02 10:00:00,21,AFVG16,0.8149
2026-05-02 11:00:00,21,AFVG16,1.02
2026-05-02 12:00:00,21,AFVG16,1.0205
2026-05-02 13:00:00,21,AFVG16,0.9524
2026-05-02 14:00:00,21,AFVG16,0.7798
2026-05-02 15:00:00,21,AFVG16,0.8327
2026-05-02 16:00:00,21,AFVG16,0.8774
2026-05-02 17:00:00,21,AFVG16,0.9779
2026-05-02 18:00:00,21,AFVG16,1.2263
2026-05-02 19:00:00,21,AFVG16,1.1639
2026-05-02 20:00:00,21,AFVG16,1.0178
2026-05-02 21:00:00,21,AFVG16,1.3172
2026-05-02 22:00:00,21,AFVG16,0.9644
2026-05-02 23:00:00,21,AFVG16,1.3216
2026-05-03 00:00:00,21,AFVG16,1.2472
2026-05-03 01:00:00,21,AFVG16,1.3687
2026-05-03 02:00:00,21,AFVG16,1.4934
2026-05-03 03:00:00,21,AFVG16,1.3642
2026-05-03 04:00:00,21,AFVG16,1.6585
2026-05-03 05:00:00,21,AFVG16,1.6124
2026-05-03 06:00:00,21,AFVG16,2.0537
2026-05-03 07:00:00,21,AFVG16,1.7265
2026-05-03 08:00:00,21,AFVG16,2.0444
2026-05-03 09:00:00,21,AFVG16,2.0339
2026-05-03 10:00:00,21,AFVG16,1.844
2026-05-03 11:00:00,21,AFVG16,2.3074
2026-05-03 12:00:00,21,AFVG16,2.0267
2026-05-03 13:00:00,21,AFVG16,1.9321
2026-05-03 14:00:00,21,AFVG16,2.4742
2026-05-03 15:00:00,21,AFVG16,2.5834
2026-05-03 16:00:00,21,AFVG16,2.5048
2026-05-03 17:00:00,21,AFVG16,2.5284
2026-05-03 18:00:00,21,AFVG16,2.8716
2026-05-03 19:00:00,21,AFVG16,2.803
2026-05-03 20:00:00,21,AFVG16,2.6552
2026-05-03 21:00:00,21,AFVG16,2.9154
2026-05-03 22:00:00,21,AFVG16,2.6657
2026-05-03 23:00:00,21,AFVG16,2.8089
2026-05-01 00:00:00,22,AFVG16,2.8419
2026-05-01 01:00:00,22,AFVG16,2.6686
2026-05-01 02:00:00,22,AFVG16,2.8142
2026-05-01 03:00:00,22,AFVG16,3.1594
2026-05-01 04:00:00,22,AFVG16,2.7899
2026-05-01 05:00:00,22,AFVG16,2.844
2026-05-01 06:00:00,22,AFVG16,2.7178
2026-05-01 07:00:00,22,AFVG16,2.981
2026-05-01 08:00:00,22,AFVG16,2.8047
2026-05-01 09:00:00,22,AFVG16,2.8259
2026-05-01 10:00:00,22,AFVG16,2.679
2026-05-01 11:00:00,22,AFVG16,2.457
2026-05-01 12:00:00,22,AFVG16,2.4199
2026-05-01 13:00:00,22,AFVG16,2.621
2026-05-01 14:00:00,22,AFVG16,2.4127
2026-05-01 15:00:00,22,AFVG16,2.4606
2026-05-01 16:00:00,22,AFVG16,1.7907
2026-05-01 17:00:00,22,AFVG16,2.3504
2026-05-01 18:00:00,22,AFVG16,2.0273
2026-05-01 19:00:00,22,AFVG16,2.3442
2026-05-01 20:00:00,22,AFVG16,1.8584
2026-05-01 21:00:00,22,AFVG16,1.8564
2026-05-01 22:00:00,22,AFVG16,1.8694
2026-05-01 23:00:00,22,AFVG16,1.5587
2026-05-02 00:00:00,22,AFVG16,1.743
2026-05-02 01:00:00,22,AFVG16,1.4399
2026-05-02 02:00:00,22,AFVG16,1.6579
2026-05-02 03:00:00,22,AFVG16,1.5151
2026-05-02 04:00:00,22,AFVG16,1.4062
2026-05-02 05:00:00,22,AFVG16,1.1636
2026-05-02 06:00:00,22,AFVG16,1.1861
2026-05-02 07:00:00,22,AFVG16,1.2135
2026-05-02 08:00:00,22,AFVG16,0.8202
2026-05-02 09:00:00,22,AFVG16,1.0051
2026-05-02 10:00:00,22,AFVG16,1.1976
2026-05-02 11:00:00,22,AFVG16,0.8423
2026-05-02 12:00:00,22,AFVG16,1.2067
2026-05-02 13:00:00,22,AFVG16,0.9097
2026-05-02 14:00:00,22,AFVG16,1.0485
2026-05-02 15:00:00,22,AFVG16,0.8309
2026-05-02 16:00:00,22,AFVG16,1.0856
2026-05-02 17:00:00,22,AFVG16,1.0991
2026-05-02 18:00:00,22,AFVG16,1.2236
2026-05-02 19:00:00,22,AFVG16,1.2864
2026-05-02 20:00:00,22,AFVG16,1.3077
2026-05-02 21:00:00,22,AFVG16,1.1936
2026-05-02 22:00:00,22,AFVG16,1.0267
2026-05-02 23:00:00,22,AFVG16,1.463
2026-05-03 00:00:00,22,AFVG16,1.1277
2026-05-03 01:00:00,22,AFVG16,1.3212
2026-05-03 02:00:00,22,AFVG16,1.5655
2026-05-03 03:00:00,22,AFVG16,1.5931
2026-05-03 04:00:00,22,AFVG16,1.8405
2026-05-03 05:00:00,22,AFVG16,1.6786
2026-05-03 06:00:00,22,AFVG16,1.5057
2026-05-03 07:00:00,22,AFVG16,1.7995
2026-05-03 08:00:00,22,AFVG16,1.9497
2026-05-03 09:00:00,22,AFVG16,1.9542
2026-05-03 10:00:00,22,AFVG16,2.3019
2026-05-03 11:00:00,22,AFVG16,2.1355
2026-05-03 12:00:00,22,AFVG16,2.0386
2026-05-03 13:00:00,22,AFVG16,2.4036
2026-05-03 14:00:00,22,AFVG16,2.2388
2026-05-03 15:00:00,22,AFVG16,2.7404
2026-05-03 16:00:00,22,AFVG16,2.597
2026-05-03 17:00:00,22,AFVG16,2.4132
2026-05-03 18:00:00,22,AFVG16,2.8485
2026-05-03 19:00:00,22,AFVG16,3.1001
2026-05-03 20:00:00,22,AFVG16,2.4971
2026-05-03 21:00:00,22,AFVG16,2.9806
2026-05-03 22:00:00,22,AFVG16,2.9593
2026-05-03 23:00:00,22,AFVG16,2.9485
2026-05-01 00:00:00,23,AFVG16,3.0507
2026-05-01 01:00:00,23,AFVG16,3.0663
2026-05-01 02:00:00,23,AFVG16,2.8749
2026-05-01 03:00:00,23,AFVG16,3.1701
2026-05-01 04:00:00,23,AFVG16,2.729
2026-05-01 05:00:00,23,AFVG16,3.1917
2026-05-01 06:00:00,23,AFVG16,3.0873
2026-05-01 07:00:00,23,AFVG16,2.6345
2026-05-01 08:00:00,23,AFVG16,2.7602
2026-05-01 09:00:00,23,AFVG16,2.9174
2026-05-01 10:00:00,23,AFVG16,2.5692
2026-05-01 11:00:00,23,AFVG16,2.5525
2026-05-01 12:00:00,23,AFVG16,2.4466
2026-05-01 13:00:00,23,AFVG16,2.6085
2026-05-01 14:00:00,23,AFVG16,2.2657
2026-05-01 15:00:00,23,AFVG16,2.2764
2026-05-01 16:00:00,23,AFVG16,2.278
2026-05-01 17:00:00,23,AFVG16,2.0835
2026-05-01 18:00:00,23,AFVG16,1.9016
2026-05-01 19:00:00,23,AFVG16,1.7471
2026-05-01 20:00:00,23,AFVG16,1.6376
2026-05-01 21:00:00,23,AFVG16,1.6064
2026-05-01 22:00:00,23,AFVG16,1.4447
2026-05-01 23:00:00,23,AFVG16,1.5153
2026-05-02 00:00:00,23,AFVG16,1.5936
2026-05-02 01:00:00,23,AFVG16,1.4839
2026-05-02 02:00:00,23,AFVG16,1.2828
2026-05-02 03:00:00,23,AFVG16,1.1891
2026-05-02 04:00:00,23,AFVG16,1.1324
2026-05-02 05:00:00,23,AFVG16,1.0179
2026-05-02 06:00:00,23,AFVG16,0.9906
2026-05-02 07:00:00,23,AFVG16,1.2389
2026-05-02 08:00:00,23,AFVG16,0.8827
2026-05-02 09:00:00,23,AFVG16,1.064
2026-05-02 10:00:00,23,AFVG16,0.9433
2026-05-02 11:00:00,23,AFVG16,1.3814
2026-05-02 12:00:00,23,AFVG16,0.7357
2026-05-02 13:00:00,23,AFVG16,1.0292
2026-05-02 14:00:00,23,AFVG16,0.952
2026-05-02 15:00:00,23,AFVG16,0.8952
2026-05-02 16:00:00,23,AFVG16,1.0738
2026-05-02 17:00:00,23,AFVG16,1.0723
2026-05-02 18:00:00,23,AFVG16,0.9177
2026-05-02 19:00:00,23,AFVG16,1.1774
2026-05-02 20:00:00,23,AFVG16,1.2134
2026-05-02 21:00:00,23,AFVG16,1.3989
2026-05-02 22:00:00,23,AFVG16,1.164
2026-05-02 23:00:00,23,AFVG16,1.5342
2026-05-03 00:00:00,23,AFVG16,1.347
2026-05-03 01:00:00,23,AFVG16,1.1474
2026-05-03 02:00:00,23,AFVG16,1.5933
2026-05-03 03:00:00,23,AFVG16,1.5771
2026-05-03 04:00:00,23,AFVG16,1.5343
2026-05-03 05:00:00,23,AFVG16,1.8863
2026-05-03 06:00:00,23,AFVG16,1.7569
2026-05-03 07:00:00,23,AFVG16,2.0628
2026-05-03 08:00:00,23,AFVG16,1.9811
2026-05-03 09:00:00,23,AFVG16,2.1893
2026-05-03 10:00:00,23,AFVG16,2.2614
2026-05-03 11:00:00,23,AFVG16,2.3121
2026-05-03 12:00:00,23,AFVG16,2.1662
2026-05-03 13:00:00,23,AFVG16,2.5367
2026-05-03 14:00:00,23,AFVG16,2.477
2026-05-03 15:00:00,23,AFVG16,2.8457
2026-05-03 16:00:00,23,AFVG16,2.685
2026-05-03 17:00:00,23,AFVG16,2.7895
2026-05-03 18:00:00,23,AFVG16,2.621
2026-05-03 19:00:00,23,AFVG16,2.7287
2026-05-03 20:00:00,23,AFVG16,2.8524
2026-05-03 21:00:00,23,AFVG16,2.7049
2026-05-03 22:00:00,23,AFVG16,2.7413
2026-05-03 23:00:00,23,AFVG16,2.9306
2026-05-01 00:00:00,24,AFVG16,2.9824
2026-05-01 01:00:00,24,AFVG16,3.0118
2026-05-01 02:00:00,24,AFVG16,3.1298
2026-05-01 03:00:00,24,AFVG16,2.8761
2026-05-01 04:00:00,24,AFVG16,3.0058
2026-05-01 05:00:00,24,AFVG16,2.8432
2026-05-01 06:00:00,24,AFVG16,2.791
2026-05-01 07:00:00,24,AFVG16,2.8082
2026-05-01 08:00:00,24,AFVG16,2.4037
2026-05-01 09:00:00,24,AFVG16,2.663
2026-05-01 10:00:00,24,AFVG16,2.492
2026-05-01 11:00:00,24,AFVG16,2.3789
2026-05-01 12:00:00,24,AFVG16,2.1623
2026-05-01 13:00:00,24,AFVG16,2.3029
2026-05-01 14:00:00,24,AFVG16,2.0091
2026-05-01 15:00:00,24,AFVG16,2.3405
2026-05-01 16:00:00,24,AFVG16,2.092
2026-05-01 17:00:00,24,AFVG16,1.7926
2026-05-01 18:00:00,24,AFVG16,1.8606
2026-05-01 19:00:00,24,AFVG16,1.9918
2026-05-01 20:00:00,24,AFVG16,1.7071
2026-05-01 21:00:00,24,AFVG16,1.6734
2026-05-01 22:00:00,24,AFVG16,1.5814
2026-05-01 23:00:00,24,AFVG16,1.5412
2026-05-02 00:00:00,24,AFVG16,1.2323
2026-05-02 01:00:00,24,AFVG16,1.4107
2026-05-02 02:00:00,24,AFVG16,1.2682
2026-05-02 03:00:00,24,AFVG16,1.7338
2026-05-02 04:00:00,24,AFVG16,1.2026
2026-05-02 05:00:00,24,AFVG16,1.1153
2026-05-02 06:00:00,24,AFVG16,1.2867
2026-05-02 07:00:00,24,AFVG16,1.0757
2026-05-02 08:00:00,24,AFVG16,1.1041
2026-05-02 09:00:00,24,AFVG16,0.9085
2026-05-02 10:00:00,24,AFVG16,1.253
2026-05-02 11:00:00,24,AFVG16,0.9125
2026-05-02 12:00:00,24,AFVG16,1.0568
2026-05-02 13:00:00,24,AFVG16,1.1712
2026-05-02 14:00:00,24,AFVG16,0.9633
2026-05-02 15:00:00,24,AFVG16,1.0236
2026-05-02 16:00:00,24,AFVG16,1.1329
2026-05-02 17:00:00,24,AFVG16,1.1753
2026-05-02 18:00:00,24,AFVG16,0.9438
2026-05-02 19:00:00,24,AFVG16,1.1752
2026-05-02 20:00:00,24,AFVG16,1.0527
2026-05-02 21:00:00,24,AFVG16,1.1348
2026-05-02 22:00:00,24,AFVG16,1.2067
2026-05-02 23:00:00,24,AFVG16,1.5485
2026-05-03 00:00:00,24,AFVG16,1.6722
2026-05-03 01:00:00,24,AFVG16,1.8941
2026-05-03 02:00:00,24,AFVG16,1.5687
2026-05-03 03:00:00,24,AFVG16,1.5279
2026-05-03 04:00:00,24,AFVG16,1.588
2026-05-03 05:00:00,24,AFVG16,2.0557
2026-05-03 06:00:00,24,AFVG16,1.6662
2026-05-03 07:00:00,24,AFVG16,1.9326
2026-05-03 08:00:00,24,AFVG16,1.9785
2026-05-03 09:00:00,24,AFVG16,2.4088
2026-05-03 10:00:00,24,AFVG16,2.0761
2026-05-03 11:00:00,24,AFVG16,2.4736
2026-05-03 12:00:00,24,AFVG16,2.5835
2026-05-03 13:00:00,24,AFVG16,2.4369
2026-05-03 14:00:00,24,AFVG16,2.604
2026-05-03 15:00:00,24,AFVG16,2.3718
2026-05-03 16:00:00,24,AFVG16,2.6537
2026-05-03 17:00:00,24,AFVG16,2.6944
2026-05-03 18:00:00,24,AFVG16,2.3944
2026-05-03 19:00:00,24,AFVG16,2.8929
2026-05-03 20:00:00,24,AFVG16,2.9273
2026-05-03 21:00:00,24,AFVG16,2.6575
2026-05-03 22:00:00,24,AFVG16,2.7307
2026-05-03 23:00:00,24,AFVG16,2.8547
2026-05-01 00:00:00,25,AFVG16,2.9046
2026-05-01 01:00:00,25,AFVG16,2.9198
2026-05-01 02:00:00,25,AFVG16,2.7971
2026-05-01 03:00:00,25,AFVG16,2.7581
2026-05-01 04:00:00,25,AFVG16,2.9175
2026-05-01 05:00:00,25,AFVG16,2.7564
2026-05-01 06:00:00,25,AFVG16,2.7621
2026-05-01 07:00:00,25,AFVG16,2.6886
2026-05-01 08:00:00,25,AFVG16,2.7317
2026-05-01 09:00:00,25,AFVG16,2.5753
2026-05-01 10:00:00,25,AFVG16,2.6589
2026-05-01 11:00:00,25,AFVG16,2.4727
2026-05-01 12:00:00,25,AFVG16,2.515
2026-05-01 13:00:00,25,AFVG16,2.4905
2026-05-01 14:00:00,25,AFVG16,2.004
2026-05-01 15:00:00,25,AFVG16,2.2794
2026-05-01 16:00:00,25,AFVG16,2.3256
2026-05-01 17:00:00,25,AFVG16,1.829
2026-05-01 18:00:00,25,AFVG16,1.887
2026-05-01 19:00:00,25,AFVG16,1.7559
2026-05-01 20:00:00,25,AFVG16,1.7945
2026-05-01 21:00:00,25,AFVG16,1.7272
2026-05-01 22:00:00,25,AFVG16,1.4721
2026-05-01 23:00:00,25,AFVG16,1.6956
2026-05-02 00:00:00,25,AFVG16,1.2999
2026-05-02 01:00:00,25,AFVG16,1.3414
2026-05-02 02:00:00,25,AFVG16,1.4538
2026-05-02 03:00:00,25,AFVG16,1.5362
2026-05-02 04:00:00,25,AFVG16,1.1145
2026-05-02 05:00:00,25,AFVG16,1.2626
2026-05-02 06:00:00,25,AFVG16,1.138
2026-05-02 07:00:00,25,AFVG16,0.8336
2026-05-02 08:00:00,25,AFVG16,0.9001
2026-05-02 09:00:00,25,AFVG16,0.8418
2026-05-02 10:00:00,25,AFVG16,0.9328
2026-05-02 11:00:00,25,AFVG16,0.9385
2026-05-02 12:00:00,25,AFVG16,1.0049
2026-05-02 13:00:00,25,AFVG16,1.199
2026-05-02 14:00:00,25,AFVG16,1.0842
2026-05-02 15:00:00,25,AFVG16,1.439
2026-05-02 16:00:00,25,AFVG16,1.0315
2026-05-02 17:00:00,25,AFVG16,1.2198
2026-05-02 18:00:00,25,AFVG16,1.2032
2026-05-02 19:00:00,25,AFVG16,1.4127
2026-05-02 20:00:00,25,AFVG16,1.1811
2026-05-02 21:00:00,25,AFVG16,1.4212
2026-05-02 22:00:00,25,AFVG16,1.6003
2026-05-02 23:00:00,25,AFVG16,1.3137
2026-05-03 00:00:00,25,AFVG16,1.4805
2026-05-03 01:00:00,25,AFVG16,1.6408
2026-05-03 02:00:00,25,AFVG16,1.5764
2026-05-03 03:00:00,25,AFVG16,1.5893
2026-05-03 04:00:00,25,AFVG16,2.0764
2026-05-03 05:00:00,25,AFVG16,1.8493
2026-05-03 06:00:00,25,AFVG16,2.2269
2026-05-03 07:00:00,25,AFVG16,1.9739
2026-05-03 08:00:00,25,AFVG16,2.102
2026-05-03 09:00:00,25,AFVG16,2.3347
2026-05-03 10:00:00,25,AFVG16,2.2648
2026-05-03 11:00:00,25,AFVG16,2.2393
2026-05-03 12:00:00,25,AFVG16,2.3421
2026-05-03 13:00:00,25,AFVG16,2.5637
2026-05-03 14:00:00,25,AFVG16,2.492
2026-05-03 15:00:00,25,AFVG16,2.6702
2026-05-03 16:00:00,25,AFVG16,2.3789
2026-05-03 17:00:00,25,AFVG16,2.6892
2026-05-03 18:00:00,25,AFVG16,2.796
2026-05-03 19:00:00,25,AFVG16,2.7906
2026-05-03 20:00:00,25,AFVG16,2.7569
2026-05-03 21:00:00,25,AFVG16,2.8055
2026-05-03 22:00:00,25,AFVG16,2.9742
2026-05-03 23:00:00,25,AFVG16,3.2056
2026-05-01 00:00:00,26,AFVG16,2.7593
2026-05-01 01:00:00,26,AFVG16,2.9038
2026-05-01 02:00:00,26,AFVG16,3.0613
2026-05-01 03:00:00,26,AFVG16,2.9281
2026-05-01 04:00:00,26,AFVG16,2.821
2026-05-01 05:00:00,26,AFVG16,2.7188
2026-05-01 06:00:00,26,AFVG16,2.7342
2026-05-01 07:00:00,26,AFVG16,2.6578
2026-05-01 08:00:00,26,AFVG16,2.2811
2026-05-01 09:00:00,26,AFVG16,2.4336
2026-05-01 10:00:00,26,AFVG16,2.1767
2026-05-01 11:00:00,26,AFVG16,2.5876
2026-05-01 12:00:00,26,AFVG16,2.4395
2026-05-01 13:00:00,26,AFVG16,2.1178
2026-05-01 14:00:00,26,AFVG16,2.275
2026-05-01 15:00:00,26,AFVG16,2.4388
2026-05-01 16:00:00,26,AFVG16,1.8948
2026-05-01 17:00:00,26,AFVG16,2.1
2026-05-01 18:00:00,26,AFVG16,1.8769
2026-05-01 19:00:00,26,AFVG16,1.7057
2026-05-01 20:00:00,26,AFVG16,1.4958
2026-05-01 21:00:00,26,AFVG16,1.5012
2026-05-01 22:00:00,26,AFVG16,1.4511
2026-05-01 23:00:00,26,AFVG16,1.0921
2026-05-02 00:00:00,26,AFVG16,1.452
2026-05-02 01:00:00,26,AFVG16,1.2616
2026-05-02 02:00:00,26,AFVG16,1.3209
2026-05-02 03:00:00,26,AFVG16,1.1364
2026-05-02 04:00:00,26,AFVG16,1.602
2026-05-02 05:00:00,26,AFVG16,0.8624
2026-05-02 06:00:00,26,AFVG16,0.936
2026-05-02 07:00:00,26,AFVG16,1.1532
2026-05-02 08:00:00,26,AFVG16,1.3791
2026-05-02 09:00:00,26,AFVG16,0.8613
2026-05-02 10:00:00,26,AFVG16,1.2761
2026-05-02 11:00:00,26,AFVG16,0.8627
2026-05-02 12:00:00,26,AFVG16,1.1998
2026-05-02 13:00:00,26,AFVG16,1.0295
2026-05-02 14:00:00,26,AFVG16,1.3719
2026-05-02 15:00:00,26,AFVG16,1.3306
2026-05-02 16:00:00,26,AFVG16,0.9985
2026-05-02 17:00:00,26,AFVG16,1.5747
2026-05-02 18:00:00,26,AFVG16,1.0104
2026-05-02 19:00:00,26,AFVG16,1.1823
2026-05-02 20:00:00,26,AFVG16,1.5563
2026-05-02 21:00:00,26,AFVG16,1.2355
2026-05-02 22:00:00,26,AFVG16,1.3148
2026-05-02 23:00:00,26,AFVG16,1.4999
2026-05-03 00:00:00,26,AFVG16,1.6211
2026-05-03 01:00:00,26,AFVG16,1.6873
2026-05-03 02:00:00,26,AFVG16,1.596
2026-05-03 03:00:00,26,AFVG16,1.818
2026-05-03 04:00:00,26,AFVG16,1.9661
2026-05-03 05:00:00,26,AFVG16,2.1791
2026-05-03 06:00:00,26,AFVG16,2.086
2026-05-03 07:00:00,26,AFVG16,1.9319
2026-05-03 08:00:00,26,AFVG16,2.2063
2026-05-03 09:00:00,26,AFVG16,2.1898
2026-05-03 10:00:00,26,AFVG16,2.5596
2026-05-03 11:00:00,26,AFVG16,2.1868
2026-05-03 12:00:00,26,AFVG16,2.5954
2026-05-03 13:00:00,26,AFVG16,2.4213
2026-05-03 14:00:00,26,AFVG16,2.8377
2026-05-03 15:00:00,26,AFVG16,2.8238
2026-05-03 16:00:00,26,AFVG16,2.7973
2026-05-03 17:00:00,26,AFVG16,2.8912
2026-05-03 18:00:00,26,AFVG16,2.8103
2026-05-03 19:00:00,26,AFVG16,3.0015
2026-05-03 20:00:00,26,AFVG16,2.9259
2026-05-03 21:00:00,26,AFVG16,3.0696
2026-05-03 22:00:00,26,AFVG16,2.9887
2026-05-03 23:00:00,26,AFVG16,2.6209
2026-05-01 00:00:00,27,AFVG16,2.8724
2026-05-01 01:00:00,27,AFVG16,3.1477
2026-05-01 02:00:00,27,AFVG16,3.1021
2026-05-01 03:00:00,27,AFVG16,2.858
2026-05-01 04:00:00,27,AFVG16,2.7756
2026-05-01 05:00:00,27,AFVG16,2.691
2026-05-01 06:00:00,27,AFVG16,2.7774
2026-05-01 07:00:00,27,AFVG16,2.7065
2026-05-01 08:00:00,27,AFVG16,2.4053
2026-05-01 09:00:00,27,AFVG16,2.5801
2026-05-01 10:00:00,27,AFVG16,2.5911
2026-05-01 11:00:00,27,AFVG16,2.1855
2026-05-01 12:00:00,27,AFVG16,2.2209
2026-05-01 13:00:00,27,AFVG16,2.237
2026-05-01 14:00:00,27,AFVG16,2.1932
2026-05-01 15:00:00,27,AFVG16,1.9385
2026-05-01 16:00:00,27,AFVG16,1.839
2026-05-01 17:00:00,27,AFVG16,1.7661
2026-05-01 18:00:00,27,AFVG16,1.8119
2026-05-01 19:00:00,27,AFVG16,1.7387
2026-05-01 20:00:00,27,AFVG16,1.5938
2026-05-01 21:00:00,27,AFVG16,1.3173
2026-05-01 22:00:00,27,AFVG16,1.287
2026-05-01 23:00:00,27,AFVG16,1.4784
2026-05-02 00:00:00,27,AFVG16,1.1364
2026-05-02 01:00:00,27,AFVG16,1.2948
2026-05-02 02:00:00,27,AFVG16,1.1533
2026-05-02 03:00:00,27,AFVG16,1.0691
2026-05-02 04:00:00,27,AFVG16,1.1212
2026-05-02 05:00:00,27,AFVG16,1.3326
2026-05-02 06:00:00,27,AFVG16,1.0948
2026-05-02 07:00:00,27,AFVG16,0.9841
2026-05-02 08:00:00,27,AFVG16,0.7911
2026-05-02 09:00:00,27,AFVG16,1.0795
2026-05-02 10:00:00,27,AFVG16,1.1706
2026-05-02 11:00:00,27,AFVG16,1.0955
2026-05-02 12:00:00,27,AFVG16,1.1906
2026-05-02 13:00:00,27,AFVG16,1.1053
2026-05-02 14:00:00,27,AFVG16,0.8632
2026-05-02 15:00:00,27,AFVG16,1.0833
2026-05-02 16:00:00,27,AFVG16,1.2064
2026-05-02 17:00:00,27,AFVG16,1.2796
2026-05-02 18:00:00,27,AFVG16,1.147
2026-05-02 19:00:00,27,AFVG16,1.2663
2026-05-02 20:00:00,27,AFVG16,1.3906
2026-05-02 21:00:00,27,AFVG16,1.5909
2026-05-02 22:00:00,27,AFVG16,1.6197
2026-05-02 23:00:00,27,AFVG16,1.6383
2026-05-03 00:00:00,27,AFVG16,1.6763
2026-05-03 01:00:00,27,AFVG16,1.5413
2026-05-03 02:00:00,27,AFVG16,1.6103
2026-05-03 03:00:00,27,AFVG16,1.8435
2026-05-03 04:00:00,27,AFVG16,2.0964
2026-05-03 05:00:00,27,AFVG16,2.0828
2026-05-03 06:00:00,27,AFVG16,2.1908
2026-05-03 07:00:00,27,AFVG16,1.9638
2026-05-03 08:00:00,27,AFVG16,2.0508
2026-05-03 09:00:00,27,AFVG16,2.5173
2026-05-03 10:00:00,27,AFVG16,2.4209
2026-05-03 11:00:00,27,AFVG16,2.3028
2026-05-03 12:00:00,27,AFVG16,2.7026
2026-05-03 13:00:00,27,AFVG16,2.6754
2026-05-03 14:00:00,27,AFVG16,3.1413
2026-05-03 15:00:00,27,AFVG16,2.9433
2026-05-03 16:00:00,27,AFVG16,2.8596
2026-05-03 17:00:00,27,AFVG16,2.8313
2026-05-03 18:00:00,27,AFVG16,2.9291
2026-05-03 19:00:00,27,AFVG16,2.913
2026-05-03 20:00:00,27,AFVG16,2.7403
2026-05-03 21:00:00,27,AFVG16,3.1163
2026-05-03 22:00:00,27,AFVG16,3.0327
2026-05-03 23:00:00,27,AFVG16,2.5857
2026-05-01 00:00:00,28,AFVG16,2.8299
2026-05-01 01:00:00,28,AFVG16,2.7661
2026-05-01 02:00:00,28,AFVG16,2.9966
2026-05-01 03:00:00,28,AFVG16,2.796
2026-05-01 04:00:00,28,AFVG16,2.9732
2026-05-01 05:00:00,28,AFVG16,2.4538
2026-05-01 06:00:00,28,AFVG16,2.4687
2026-05-01 07:00:00,28,AFVG16,2.7233
2026-05-01 08:00:00,28,AFVG16,2.3942
2026-05-01 09:00:00,28,AFVG16,2.2595
2026-05-01 10:00:00,28,AFVG16,2.2623
2026-05-01 11:00:00,28,AFVG16,2.1479
2026-05-01 12:00:00,28,AFVG16,2.2615
2026-05-01 13:00:00,28,AFVG16,2.2658
2026-05-01 14:00:00,28,AFVG16,1.7769
2026-05-01 15:00:00,28,AFVG16,1.888
2026-05-01 16:00:00,28,AFVG16,1.851
2026-05-01 17:00:00,28,AFVG16,1.7794
2026-05-01 18:00:00,28,AFVG16,1.8119
2026-05-01 19:00:00,28,AFVG16,1.627
2026-05-01 20:00:00,28,AFVG16,1.4468
2026-05-01 21:00:00,28,AFVG16,1.2949
2026-05-01 22:00:00,28,AFVG16,1.1197
2026-05-01 23:00:00,28,AFVG16,1.2737
2026-05-02 00:00:00,28,AFVG16,1.2721
2026-05-02 01:00:00,28,AFVG16,1.3539
2026-05-02 02:00:00,28,AFVG16,1.11
2026-05-02 03:00:00,28,AFVG16,1.4721
2026-05-02 04:00:00,28,AFVG16,1.0751
2026-05-02 05:00:00,28,AFVG16,0.9833
2026-05-02 06:00:00,28,AFVG16,1.0888
2026-05-02 07:00:00,28,AFVG16,0.8687
2026-05-02 08:00:00,28,AFVG16,1.035
2026-05-02 09:00:00,28,AFVG16,0.6904
2026-05-02 10:00:00,28,AFVG16,1.1047
2026-05-02 11:00:00,28,AFVG16,1.0235
2026-05-02 12:00:00,28,AFVG16,1.0621
2026-05-02 13:00:00,28,AFVG16,1.0775
2026-05-02 14:00:00,28,AFVG16,0.8935
2026-05-02 15:00:00,28,AFVG16,0.9865
2026-05-02 16:00:00,28,AFVG16,1.399
2026-05-02 17:00:00,28,AFVG16,1.2868
2026-05-02 18:00:00,28,AFVG16,1.1771
2026-05-02 19:00:00,28,AFVG16,1.389
2026-05-02 20:00:00,28,AFVG16,1.4508
2026-05-02 21:00:00,28,AFVG16,1.7509
2026-05-02 22:00:00,28,AFVG16,1.6961
2026-05-02 23:00:00,28,AFVG16,1.6663
2026-05-03 00:00:00,28,AFVG16,1.615
2026-05-03 01:00:00,28,AFVG16,2.03
2026-05-03 02:00:00,28,AFVG16,1.8289
2026-05-03 03:00:00,28,AFVG16,1.7963
2026-05-03 04:00:00,28,AFVG16,1.8271
2026-05-03 05:00:00,28,AFVG16,1.964
2026-05-03 06:00:00,28,AFVG16,2.1213
2026-05-03 07:00:00,28,AFVG16,2.372
2026-05-03 08:00:00,28,AFVG16,2.4737
2026-05-03 09:00:00,28,AFVG16,2.5866
2026-05-03 10:00:00,28,AFVG16,2.5113
2026-05-03 11:00:00,28,AFVG16,2.684
2026-05-03 12:00:00,28,AFVG16,2.9652
2026-05-03 13:00:00,28,AFVG16,2.8256
2026-05-03 14:00:00,28,AFVG16,2.9874
2026-05-03 15:00:00,28,AFVG16,2.5731
2026-05-03 16:00:00,28,AFVG16,2.7356
2026-05-03 17:00:00,28,AFVG16,2.7756
2026-05-03 18:00:00,28,AFVG16,2.5218
2026-05-03 19:00:00,28,AFVG16,2.9632
2026-05-03 20:00:00,28,AFVG16,3.1831
2026-05-03 21:00:00,28,AFVG16,2.9094
2026-05-03 22:00:00,28,AFVG16,3.0275
2026-05-03 23:00:00,28,AFVG16,2.8716
2026-05-01 00:00:00,29,AFVG16,2.8226
2026-05-01 01:00:00,29,AFVG16,2.8992
2026-05-01 02:00:00,29,AFVG16,2.6311
2026-05-01 03:00:00,29,AFVG16,2.935
2026-05-01 04:00:00,29,AFVG16,2.4142
2026-05-01 05:00:00,29,AFVG16,2.6887
2026-05-01 06:00:00,29,AFVG16,2.5004
2026-05-01 07:00:00,29,AFVG16,2.7274
2026-05-01 08:00:00,29,AFVG16,2.5447
2026-05-01 09:00:00,29,AFVG16,2.0411
2026-05-01 10:00:00,29,AFVG16,1.9113
2026-05-01 11:00:00,29,AFVG16,2.0435
2026-05-01 12:00:00,29,AFVG16,2.036
2026-05-01 13:00:00,29,AFVG16,1.9999
2026-05-01 14:00:00,29,AFVG16,1.9495
2026-05-01 15:00:00,29,AFVG16,1.9631
2026-05-01 16:00:00,29,AFVG16,1.5752
2026-05-01 17:00:00,29,AFVG16,1.4296
2026-05-01 18:00:00,29,AFVG16,1.6592
2026-05-01 19:00:00,29,AFVG16,1.4914
2026-05-01 20:00:00,29,AFVG16,1.4575
2026-05-01 21:00:00,29,AFVG16,1.3078
2026-05-01 22:00:00,29,AFVG16,1.3133
2026-05-01 23:00:00,29,AFVG16,1.5021
2026-05-02 00:00:00,29,AFVG16,0.9804
2026-05-02 01:00:00,29,AFVG16,0.9903
2026-05-02 02:00:00,29,AFVG16,1.2263
2026-05-02 03:00:00,29,AFVG16,1.3271
2026-05-02 04:00:00,29,AFVG16,1.0295
2026-05-02 05:00:00,29,AFVG16,0.8457
2026-05-02 06:00:00,29,AFVG16,0.7164
2026-05-02 07:00:00,29,AFVG16,1.044
2026-05-02 08:00:00,29,AFVG16,0.8127
2026-05-02 09:00:00,29,AFVG16,1.3286
2026-05-02 10:00:00,29,AFVG16,1.3626
2026-05-02 11:00:00,29,AFVG16,1.0613
2026-05-02 12:00:00,29,AFVG16,1.1228
2026-05-02 13:00:00,29,AFVG16,1.0616
2026-05-02 14:00:00,29,AFVG16,1.2863
2026-05-02 15:00:00,29,AFVG16,1.1564
2026-05-02 16:00:00,29,AFVG16,1.214
2026-05-02 17:00:00,29,AFVG16,1.4617
2026-05-02 18:00:00,29,AFVG16,1.41
2026-05-02 19:00:00,29,AFVG16,1.6988
2026-05-02 20:00:00,29,AFVG16,1.201
2026-05-02 21:00:00,29,AFVG16,1.4344
2026-05-02 22:00:00,29,AFVG16,1.4568
2026-05-02 23:00:00,29,AFVG16,1.7961
2026-05-03 00:00:00,29,AFVG16,1.6755
2026-05-03 01:00:00,29,AFVG16,1.9213
2026-05-03 02:00:00,29,AFVG16,1.7382
2026-05-03 03:00:00,29,AFVG16,1.9827
2026-05-03 04:00:00,29,AFVG16,2.4246
2026-05-03 05:00:00,29,AFVG16,2.4085
2026-05-03 06:00:00,29,AFVG16,1.9625
2026-05-03 07:00:00,29,AFVG16,2.3789
2026-05-03 08:00:00,29,AFVG16,2.5258
2026-05-03 09:00:00,29,AFVG16,2.4026
2026-05-03 10:00:00,29,AFVG16,2.3828
2026-05-03 11:00:00,29,AFVG16,2.7152
2026-05-03 12:00:00,29,AFVG16,2.6944
2026-05-03 13:00:00,29,AFVG16,2.8209
2026-05-03 14:00:00,29,AFVG16,2.7679
2026-05-03 15:00:00,29,AFVG16,3.1894
2026-05-03 16:00:00,29,AFVG16,2.745
2026-05-03 17:00:00,29,AFVG16,2.8438
2026-05-03 18:00:00,29,AFVG16,3.0252
2026-05-03 19:00:00,29,AFVG16,3.0809
2026-05-03 20:00:00,29,AFVG16,2.7808
2026-05-03 21:00:00,29,AFVG16,3.1919
2026-05-03 22:00:00,29,AFVG16,2.7812
2026-05-03 23:00:00,29,AFVG16,2.9967
2026-05-01 00:00:00,30,AFVG16,2.8172
2026-05-01 01:00:00,30,AFVG16,2.712
2026-05-01 02:00:00,30,AFVG16,2.9375
2026-05-01 03:00:00,30,AFVG16,2.3594
2026-05-01 04:00:00,30,AFVG16,2.5409
2026-05-01 05:00:00,30,AFVG16,2.4496
2026-05-01 06:00:00,30,AFVG16,2.6467
2026-05-01 07:00:00,30,AFVG16,2.675
2026-05-01 08:00:00,30,AFVG16,2.4825
2026-05-01 09:00:00,30,AFVG16,2.4968
2026-05-01 10:00:00,30,AFVG16,1.8731
2026-05-01 11:00:00,30,AFVG16,2.1491
2026-05-01 12:00:00,30,AFVG16,1.8341
2026-05-01 13:00:00,30,AFVG16,1.902
2026-05-01 14:00:00,30,AFVG16,1.912
2026-05-01 15:00:00,30,AFVG16,1.8073
2026-05-01 16:00:00,30,AFVG16,1.9187
2026-05-01 17:00:00,30,AFVG16,1.3369
2026-05-01 18:00:00,30,AFVG16,1.4321
2026-05-01 19:00:00,30,AFVG16,1.2623
2026-05-01 20:00:00,30,AFVG16,1.169
2026-05-01 21:00:00,30,AFVG16,1.5002
2026-05-01 22:00:00,30,AFVG16,1.3158
2026-05-01 23:00:00,30,AFVG16,1.4659
2026-05-02 00:00:00,30,AFVG16,1.3595
2026-05-02 01:00:00,30,AFVG16,1.1469
2026-05-02 02:00:00,30,AFVG16,0.9523
2026-05-02 03:00:00,30,AFVG16,1.2137
2026-05-02 04:00:00,30,AFVG16,0.9349
2026-05-02 05:00:00,30,AFVG16,0.8392
2026-05-02 06:00:00,30,AFVG16,0.8337
2026-05-02 07:00:00,30,AFVG16,1.0187
2026-05-02 08:00:00,30,AFVG16,1.1913
2026-05-02 09:00:00,30,AFVG16,1.0173
2026-05-02 10:00:00,30,AFVG16,1.208
2026-05-02 11:00:00,30,AFVG16,1.0596
2026-05-02 12:00:00,30,AFVG16,1.0102
2026-05-02 13:00:00,30,AFVG16,1.517
2026-05-02 14:00:00,30,AFVG16,1.4229
2026-05-02 15:00:00,30,AFVG16,1.226
2026-05-02 16:00:00,30,AFVG16,1.124
2026-05-02 17:00:00,30,AFVG16,1.065
2026-05-02 18:00:00,30,AFVG16,1.4289
2026-05-02 19:00:00,30,AFVG16,1.3972
2026-05-02 20:00:00,30,AFVG16,1.5762
2026-05-02 21:00:00,30,AFVG16,1.6287
2026-05-02 22:00:00,30,AFVG16,1.7227
2026-05-02 23:00:00,30,AFVG16,1.908
2026-05-03 00:00:00,30,AFVG16,1.865
2026-05-03 01:00:00,30,AFVG16,1.7918
2026-05-03 02:00:00,30,AFVG16,1.8679
2026-05-03 03:00:00,30,AFVG16,2.1542
2026-05-03 04:00:00,30,AFVG16,1.9888
2026-05-03 05:00:00,30,AFVG16,2.3391
2026-05-03 06:00:00,30,AFVG16,2.4187
2026-05-03 07:00:00,30,AFVG16,2.383
2026-05-03 08:00:00,30,AFVG16,2.3477
2026-05-03 09:00:00,30,AFVG16,2.2705
2026-05-03 10:00:00,30,AFVG16,2.4367
2026-05-03 11:00:00,30,AFVG16,2.4256
2026-05-03 12:00:00,30,AFVG16,2.733
2026-05-03 13:00:00,30,AFVG16,2.7171
2026-05-03 14:00:00,30,AFVG16,2.6943
2026-05-03 15:00:00,30,AFVG16,3.0066
2026-05-03 16:00:00,30,AFVG16,2.9322
2026-05-03 17:00:00,30,AFVG16,2.9508
2026-05-03 18:00:00,30,AFVG16,3.0516
2026-05-03 19:00:00,30,AFVG16,3.1409
2026-05-03 20:00:00,30,AFVG16,2.7558
2026-05-03 21:00:00,30,AFVG16,3.106
2026-05-03 22:00:00,30,AFVG16,2.7255
2026-05-03 23:00:00,30,AFVG16,2.8676
2026-05-01 00:00:00,1,AFVG1,2.7218
2026-05-01 01:00:00,1,AFVG1,2.7564
2026-05-01 02:00:00,1,AFVG1,2.8342
2026-05-01 03:00:00,1,AFVG1,2.8419
2026-05-01 04:00:00,1,AFVG1,3.1044
2026-05-01 05:00:00,1,AFVG1,2.7366
2026-05-01 06:00:00,1,AFVG1,2.9939
2026-05-01 07:00:00,1,AFVG1,3.1149
2026-05-01 08:00:00,1,AFVG1,3.4771
2026-05-01 09:00:00,1,AFVG1,3.3851
2026-05-01 10:00:00,1,AFVG1,3.4412
2026-05-01 11:00:00,1,AFVG1,3.22
2026-05-01 12:00:00,1,AFVG1,3.7146
2026-05-01 13:00:00,1,AFVG1,3.4849
2026-05-01 14:00:00,1,AFVG1,3.2938
2026-05-01 15:00:00,1,AFVG1,3.8205
2026-05-01 16:00:00,1,AFVG1,3.272
2026-05-01 17:00:00,1,AFVG1,3.3662
2026-05-01 18:00:00,1,AFVG1,3.4649
2026-05-01 19:00:00,1,AFVG1,3.3495
2026-05-01 20:00:00,1,AFVG1,3.5654
2026-05-01 21:00:00,1,AFVG1,3.5106
2026-05-01 22:00:00,1,AFVG1,3.4622
2026-05-01 23:00:00,1,AFVG1,3.6988
2026-05-02 00:00:00,1,AFVG1,3.1329
2026-05-02 01:00:00,1,AFVG1,3.54
2026-05-02 02:00:00,1,AFVG1,3.1627
2026-05-02 03:00:00,1,AFVG1,3.4516
2026-05-02 04:00:00,1,AFVG1,3.4588
2026-05-02 05:00:00,1,AFVG1,3.4543
2026-05-02 06:00:00,1,AFVG1,3.0124
2026-05-02 07:00:00,1,AFVG1,2.7946
2026-05-02 08:00:00,1,AFVG1,2.9431
2026-05-02 09:00:00,1,AFVG1,2.8081
2026-05-02 10:00:00,1,AFVG1,2.4716
2026-05-02 11:00:00,1,AFVG1,2.7646
2026-05-02 12:00:00,1,AFVG1,2.4331
2026-05-02 13:00:00,1,AFVG1,2.7046
2026-05-02 14:00:00,1,AFVG1,2.5498
2026-05-02 15:00:00,1,AFVG1,2.2803
2026-05-02 16:00:00,1,AFVG1,2.2467
2026-05-02 17:00:00,1,AFVG1,2.1253
2026-05-02 18:00:00,1,AFVG1,2.016
2026-05-02 19:00:00,1,AFVG1,2.4751
2026-05-02 20:00:00,1,AFVG1,1.799
2026-05-02 21:00:00,1,AFVG1,1.8807
2026-05-02 22:00:00,1,AFVG1,1.9585
2026-05-02 23:00:00,1,AFVG1,1.6943
2026-05-03 00:00:00,1,AFVG1,1.6051
2026-05-03 01:00:00,1,AFVG1,1.4529
2026-05-03 02:00:00,1,AFVG1,1.7898
2026-05-03 03:00:00,1,AFVG1,1.6828
2026-05-03 04:00:00,1,AFVG1,1.6179
2026-05-03 05:00:00,1,AFVG1,1.299
2026-05-03 06:00:00,1,AFVG1,1.5857
2026-05-03 07:00:00,1,AFVG1,1.5445
2026-05-03 08:00:00,1,AFVG1,1.4496
2026-05-03 09:00:00,1,AFVG1,1.2993
2026-05-03 10:00:00,1,AFVG1,1.5097
2026-05-03 11:00:00,1,AFVG1,1.4068
2026-05-03 12:00:00,1,AFVG1,1.5753
2026-05-03 13:00:00,1,AFVG1,1.6052
2026-05-03 14:00:00,1,AFVG1,1.5836
2026-05-03 15:00:00,1,AFVG1,1.8113
2026-05-03 16:00:00,1,AFVG1,1.7194
2026-05-03 17:00:00,1,AFVG1,1.8644
2026-05-03 18:00:00,1,AFVG1,1.9085
2026-05-03 19:00:00,1,AFVG1,2.0622
2026-05-03 20:00:00,1,AFVG1,1.8357
2026-05-03 21:00:00,1,AFVG1,2.0014
2026-05-03 22:00:00,1,AFVG1,2.2675
2026-05-03 23:00:00,1,AFVG1,2.2308
2026-05-01 00:00:00,2,AFVG1,2.8084
2026-05-01 01:00:00,2,AFVG1,2.8333
2026-05-01 02:00:00,2,AFVG1,2.7352
2026-05-01 03:00:00,2,AFVG1,3.0123
2026-05-01 04:00:00,2,AFVG1,2.9172
2026-05-01 05:00:00,2,AFVG1,3.1718
2026-05-01 06:00:00,2,AFVG1,3.3753
2026-05-01 07:00:00,2,AFVG1,3.3256
2026-05-01 08:00:00,2,AFVG1,3.5654
2026-05-01 09:00:00,2,AFVG1,3.0443
2026-05-01 10:00:00,2,AFVG1,3.2445
2026-05-01 11:00:00,2,AFVG1,3.3308
2026-05-01 12:00:00,2,AFVG1,3.3486
2026-05-01 13:00:00,2,AFVG1,3.4961
2026-05-01 14:00:00,2,AFVG1,3.4101
2026-05-01 15:00:00,2,AFVG1,3.6496
2026-05-01 16:00:00,2,AFVG1,3.643
2026-05-01 17:00:00,2,AFVG1,3.5619
2026-05-01 18:00:00,2,AFVG1,3.3458
2026-05-01 19:00:00,2,AFVG1,3.5705
2026-05-01 20:00:00,2,AFVG1,3.5735
2026-05-01 21:00:00,2,AFVG1,3.5026
2026-05-01 22:00:00,2,AFVG1,3.4246
2026-05-01 23:00:00,2,AFVG1,3.5943
2026-05-02 00:00:00,2,AFVG1,3.2601
2026-05-02 01:00:00,2,AFVG1,3.2395
2026-05-02 02:00:00,2,AFVG1,3.3413
2026-05-02 03:00:00,2,AFVG1,3.2624
2026-05-02 04:00:00,2,AFVG1,3.2475
2026-05-02 05:00:00,2,AFVG1,3.0095
2026-05-02 06:00:00,2,AFVG1,2.7836
2026-05-02 07:00:00,2,AFVG1,2.7205
2026-05-02 08:00:00,2,AFVG1,2.7638
2026-05-02 09:00:00,2,AFVG1,2.8678
2026-05-02 10:00:00,2,AFVG1,2.7863
2026-05-02 11:00:00,2,AFVG1,2.3124
2026-05-02 12:00:00,2,AFVG1,2.5817
2026-05-02 13:00:00,2,AFVG1,2.4053
2026-05-02 14:00:00,2,AFVG1,2.1794
2026-05-02 15:00:00,2,AFVG1,2.5828
2026-05-02 16:00:00,2,AFVG1,2.2139
2026-05-02 17:00:00,2,AFVG1,2.2209
2026-05-02 18:00:00,2,AFVG1,2.4071
2026-05-02 19:00:00,2,AFVG1,1.8634
2026-05-02 20:00:00,2,AFVG1,1.8234
2026-05-02 21:00:00,2,AFVG1,2.0429
2026-05-02 22:00:00,2,AFVG1,1.5647
2026-05-02 23:00:00,2,AFVG1,1.7185
2026-05-03 00:00:00,2,AFVG1,1.6663
2026-05-03 01:00:00,2,AFVG1,1.7628
2026-05-03 02:00:00,2,AFVG1,1.642
2026-05-03 03:00:00,2,AFVG1,1.4145
2026-05-03 04:00:00,2,AFVG1,1.6743
2026-05-03 05:00:00,2,AFVG1,1.6389
2026-05-03 06:00:00,2,AFVG1,1.345
2026-05-03 07:00:00,2,AFVG1,1.3969
2026-05-03 08:00:00,2,AFVG1,1.4256
2026-05-03 09:00:00,2,AFVG1,1.3433
2026-05-03 10:00:00,2,AFVG1,1.6936
2026-05-03 11:00:00,2,AFVG1,1.5101
2026-05-03 12:00:00,2,AFVG1,1.5484
2026-05-03 13:00:00,2,AFVG1,1.4721
2026-05-03 14:00:00,2,AFVG1,1.6123
2026-05-03 15:00:00,2,AFVG1,1.9437
2026-05-03 16:00:00,2,AFVG1,1.8881
2026-05-03 17:00:00,2,AFVG1,1.5931
2026-05-03 18:00:00,2,AFVG1,1.7518
2026-05-03 19:00:00,2,AFVG1,2.0643
2026-05-03 20:00:00,2,AFVG1,1.9666
2026-05-03 21:00:00,2,AFVG1,2.0339
2026-05-03 22:00:00,2,AFVG1,2.066
2026-05-03 23:00:00,2,AFVG1,2.0758
2026-05-01 00:00:00,3,AFVG1,2.7228
2026-05-01 01:00:00,3,AFVG1,2.7321
2026-05-01 02:00:00,3,AFVG1,3.0389
2026-05-01 03:00:00,3,AFVG1,2.9339
2026-05-01 04:00:00,3,AFVG1,2.8722
2026-05-01 05:00:00,3,AFVG1,3.1905
2026-05-01 06:00:00,3,AFVG1,3.3538
2026-05-01 07:00:00,3,AFVG1,3.1023
2026-05-01 08:00:00,3,AFVG1,3.0132
2026-05-01 09:00:00,3,AFVG1,3.2473
2026-05-01 10:00:00,3,AFVG1,3.1616
2026-05-01 11:00:00,3,AFVG1,3.6492
2026-05-01 12:00:00,3,AFVG1,3.2275
2026-05-01 13:00:00,3,AFVG1,3.4126
2026-05-01 14:00:00,3,AFVG1,3.7022
2026-05-01 15:00:00,3,AFVG1,3.6246
2026-05-01 16:00:00,3,AFVG1,3.4226
2026-05-01 17:00:00,3,AFVG1,3.381
2026-05-01 18:00:00,3,AFVG1,3.4631
2026-05-01 19:00:00,3,AFVG1,3.4393
2026-05-01 20:00:00,3,AFVG1,3.678
2026-05-01 21:00:00,3,AFVG1,3.402
2026-05-01 22:00:00,3,AFVG1,3.1879
2026-05-01 23:00:00,3,AFVG1,3.4973
2026-05-02 00:00:00,3,AFVG1,3.4581
2026-05-02 01:00:00,3,AFVG1,3.2161
2026-05-02 02:00:00,3,AFVG1,3.3083
2026-05-02 03:00:00,3,AFVG1,3.1377
2026-05-02 04:00:00,3,AFVG1,2.8822
2026-05-02 05:00:00,3,AFVG1,2.9803
2026-05-02 06:00:00,3,AFVG1,2.7466
2026-05-02 07:00:00,3,AFVG1,2.7461
2026-05-02 08:00:00,3,AFVG1,2.621
2026-05-02 09:00:00,3,AFVG1,2.7305
2026-05-02 10:00:00,3,AFVG1,2.6261
2026-05-02 11:00:00,3,AFVG1,2.317
2026-05-02 12:00:00,3,AFVG1,2.2937
2026-05-02 13:00:00,3,AFVG1,2.3484
2026-05-02 14:00:00,3,AFVG1,2.3367
2026-05-02 15:00:00,3,AFVG1,2.1978
2026-05-02 16:00:00,3,AFVG1,1.778
2026-05-02 17:00:00,3,AFVG1,2.2268
2026-05-02 18:00:00,3,AFVG1,2.2276
2026-05-02 19:00:00,3,AFVG1,2.131
2026-05-02 20:00:00,3,AFVG1,1.911
2026-05-02 21:00:00,3,AFVG1,1.8707
2026-05-02 22:00:00,3,AFVG1,1.6175
2026-05-02 23:00:00,3,AFVG1,1.695
2026-05-03 00:00:00,3,AFVG1,1.454
2026-05-03 01:00:00,3,AFVG1,1.6048
2026-05-03 02:00:00,3,AFVG1,1.3414
2026-05-03 03:00:00,3,AFVG1,1.6195
2026-05-03 04:00:00,3,AFVG1,1.4611
2026-05-03 05:00:00,3,AFVG1,1.6187
2026-05-03 06:00:00,3,AFVG1,1.5274
2026-05-03 07:00:00,3,AFVG1,1.4343
2026-05-03 08:00:00,3,AFVG1,1.64
2026-05-03 09:00:00,3,AFVG1,1.3545
2026-05-03 10:00:00,3,AFVG1,1.5145
2026-05-03 11:00:00,3,AFVG1,1.504
2026-05-03 12:00:00,3,AFVG1,1.7329
2026-05-03 13:00:00,3,AFVG1,1.6527
2026-05-03 14:00:00,3,AFVG1,1.7531
2026-05-03 15:00:00,3,AFVG1,1.8455
2026-05-03 16:00:00,3,AFVG1,1.4739
2026-05-03 17:00:00,3,AFVG1,1.7507
2026-05-03 18:00:00,3,AFVG1,1.9751
2026-05-03 19:00:00,3,AFVG1,2.1814
2026-05-03 20:00:00,3,AFVG1,2.1905
2026-05-03 21:00:00,3,AFVG1,2.379
2026-05-03 22:00:00,3,AFVG1,2.2292
2026-05-03 23:00:00,3,AFVG1,2.3592
2026-05-01 00:00:00,4,AFVG1,2.7014
2026-05-01 01:00:00,4,AFVG1,2.79
2026-05-01 02:00:00,4,AFVG1,2.8074
2026-05-01 03:00:00,4,AFVG1,2.924
2026-05-01 04:00:00,4,AFVG1,3.047
2026-05-01 05:00:00,4,AFVG1,3.0439
2026-05-01 06:00:00,4,AFVG1,3.2073
2026-05-01 07:00:00,4,AFVG1,2.9872
2026-05-01 08:00:00,4,AFVG1,3.3757
2026-05-01 09:00:00,4,AFVG1,3.3839
2026-05-01 10:00:00,4,AFVG1,3.4641
2026-05-01 11:00:00,4,AFVG1,3.3613
2026-05-01 12:00:00,4,AFVG1,3.3818
2026-05-01 13:00:00,4,AFVG1,3.6259
2026-05-01 14:00:00,4,AFVG1,3.4691
2026-05-01 15:00:00,4,AFVG1,3.7972
2026-05-01 16:00:00,4,AFVG1,3.2882
2026-05-01 17:00:00,4,AFVG1,3.455
2026-05-01 18:00:00,4,AFVG1,3.3091
2026-05-01 19:00:00,4,AFVG1,3.3395
2026-05-01 20:00:00,4,AFVG1,3.3117
2026-05-01 21:00:00,4,AFVG1,3.3243
2026-05-01 22:00:00,4,AFVG1,3.4738
2026-05-01 23:00:00,4,AFVG1,3.1389
2026-05-02 00:00:00,4,AFVG1,3.3504
2026-05-02 01:00:00,4,AFVG1,2.9859
2026-05-02 02:00:00,4,AFVG1,3.0795
2026-05-02 03:00:00,4,AFVG1,3.2721
2026-05-02 04:00:00,4,AFVG1,3.0733
2026-05-02 05:00:00,4,AFVG1,2.9712
2026-05-02 06:00:00,4,AFVG1,2.9483
2026-05-02 07:00:00,4,AFVG1,2.8611
2026-05-02 08:00:00,4,AFVG1,2.7879
2026-05-02 09:00:00,4,AFVG1,2.8219
2026-05-02 10:00:00,4,AFVG1,2.3725
2026-05-02 11:00:00,4,AFVG1,2.4343
2026-05-02 12:00:00,4,AFVG1,2.4576
2026-05-02 13:00:00,4,AFVG1,2.3925
2026-05-02 14:00:00,4,AFVG1,2.2833
2026-05-02 15:00:00,4,AFVG1,2.3173
2026-05-02 16:00:00,4,AFVG1,1.9704
2026-05-02 17:00:00,4,AFVG1,1.7705
2026-05-02 18:00:00,4,AFVG1,2.0949
2026-05-02 19:00:00,4,AFVG1,1.8392
2026-05-02 20:00:00,4,AFVG1,1.6968
2026-05-02 21:00:00,4,AFVG1,1.7293
2026-05-02 22:00:00,4,AFVG1,1.6093
2026-05-02 23:00:00,4,AFVG1,1.781
2026-05-03 00:00:00,4,AFVG1,1.7256
2026-05-03 01:00:00,4,AFVG1,1.6071
2026-05-03 02:00:00,4,AFVG1,1.6162
2026-05-03 03:00:00,4,AFVG1,1.5215
2026-05-03 04:00:00,4,AFVG1,1.6589
2026-05-03 05:00:00,4,AFVG1,1.1456
2026-05-03 06:00:00,4,AFVG1,1.3271
2026-05-03 07:00:00,4,AFVG1,1.5054
2026-05-03 08:00:00,4,AFVG1,1.4653
2026-05-03 09:00:00,4,AFVG1,1.4074
2026-05-03 10:00:00,4,AFVG1,1.6723
2026-05-03 11:00:00,4,AFVG1,1.4682
2026-05-03 12:00:00,4,AFVG1,1.6894
2026-05-03 13:00:00,4,AFVG1,1.7231
2026-05-03 14:00:00,4,AFVG1,1.7663
2026-05-03 15:00:00,4,AFVG1,1.6917
2026-05-03 16:00:00,4,AFVG1,1.8502
2026-05-03 17:00:00,4,AFVG1,2.1306
2026-05-03 18:00:00,4,AFVG1,2.0993
2026-05-03 19:00:00,4,AFVG1,2.2368
2026-05-03 20:00:00,4,AFVG1,2.1578
2026-05-03 21:00:00,4,AFVG1,1.9942
2026-05-03 22:00:00,4,AFVG1,2.261
2026-05-03 23:00:00,4,AFVG1,2.391
2026-05-01 00:00:00,5,AFVG1,3.0381
2026-05-01 01:00:00,5,AFVG1,3.0903
2026-05-01 02:00:00,5,AFVG1,3.0577
2026-05-01 03:00:00,5,AFVG1,2.9362
2026-05-01 04:00:00,5,AFVG1,3.1506
2026-05-01 05:00:00,5,AFVG1,3.1545
2026-05-01 06:00:00,5,AFVG1,3.2148
2026-05-01 07:00:00,5,AFVG1,3.1186
2026-05-01 08:00:00,5,AFVG1,3.4199
2026-05-01 09:00:00,5,AFVG1,3.3867
2026-05-01 10:00:00,5,AFVG1,3.5465
2026-05-01 11:00:00,5,AFVG1,3.2349
2026-05-01 12:00:00,5,AFVG1,3.3067
2026-05-01 13:00:00,5,AFVG1,4.0375
2026-05-01 14:00:00,5,AFVG1,3.3665
2026-05-01 15:00:00,5,AFVG1,3.5427
2026-05-01 16:00:00,5,AFVG1,3.5593
2026-05-01 17:00:00,5,AFVG1,3.3336
2026-05-01 18:00:00,5,AFVG1,3.7204
2026-05-01 19:00:00,5,AFVG1,3.4252
2026-05-01 20:00:00,5,AFVG1,3.4247
2026-05-01 21:00:00,5,AFVG1,3.636
2026-05-01 22:00:00,5,AFVG1,3.1995
2026-05-01 23:00:00,5,AFVG1,3.1943
2026-05-02 00:00:00,5,AFVG1,3.1596
2026-05-02 01:00:00,5,AFVG1,2.9446
2026-05-02 02:00:00,5,AFVG1,3.1264
2026-05-02 03:00:00,5,AFVG1,3.0865
2026-05-02 04:00:00,5,AFVG1,2.9699
2026-05-02 05:00:00,5,AFVG1,2.9646
2026-05-02 06:00:00,5,AFVG1,2.9173
2026-05-02 07:00:00,5,AFVG1,2.7576
2026-05-02 08:00:00,5,AFVG1,2.5884
2026-05-02 09:00:00,5,AFVG1,2.7246
2026-05-02 10:00:00,5,AFVG1,2.3538
2026-05-02 11:00:00,5,AFVG1,2.5847
2026-05-02 12:00:00,5,AFVG1,2.2642
2026-05-02 13:00:00,5,AFVG1,2.3271
2026-05-02 14:00:00,5,AFVG1,2.4076
2026-05-02 15:00:00,5,AFVG1,1.7178
2026-05-02 16:00:00,5,AFVG1,1.9555
2026-05-02 17:00:00,5,AFVG1,1.8543
2026-05-02 18:00:00,5,AFVG1,2.1055
2026-05-02 19:00:00,5,AFVG1,1.7274
2026-05-02 20:00:00,5,AFVG1,2.1418
2026-05-02 21:00:00,5,AFVG1,1.4525
2026-05-02 22:00:00,5,AFVG1,1.6891
2026-05-02 23:00:00,5,AFVG1,1.5398
2026-05-03 00:00:00,5,AFVG1,1.6407
2026-05-03 01:00:00,5,AFVG1,1.4539
2026-05-03 02:00:00,5,AFVG1,1.4514
2026-05-03 03:00:00,5,AFVG1,1.2329
2026-05-03 04:00:00,5,AFVG1,1.5166
2026-05-03 05:00:00,5,AFVG1,1.2768
2026-05-03 06:00:00,5,AFVG1,1.313
2026-05-03 07:00:00,5,AFVG1,1.5373
2026-05-03 08:00:00,5,AFVG1,1.5277
2026-05-03 09:00:00,5,AFVG1,1.7282
2026-05-03 10:00:00,5,AFVG1,1.4059
2026-05-03 11:00:00,5,AFVG1,1.7129
2026-05-03 12:00:00,5,AFVG1,1.7449
2026-05-03 13:00:00,5,AFVG1,1.7035
2026-05-03 14:00:00,5,AFVG1,1.6858
2026-05-03 15:00:00,5,AFVG1,1.8569
2026-05-03 16:00:00,5,AFVG1,2.0681
2026-05-03 17:00:00,5,AFVG1,1.9501
2026-05-03 18:00:00,5,AFVG1,2.2073
2026-05-03 19:00:00,5,AFVG1,2.1162
2026-05-03 20:00:00,5,AFVG1,2.4953
2026-05-03 21:00:00,5,AFVG1,2.3219
2026-05-03 22:00:00,5,AFVG1,2.374
2026-05-03 23:00:00,5,AFVG1,2.2419
2026-05-01 00:00:00,6,AFVG1,2.6937
2026-05-01 01:00:00,6,AFVG1,3.0395
2026-05-01 02:00:00,6,AFVG1,3.0195
2026-05-01 03:00:00,6,AFVG1,3.1632
2026-05-01 04:00:00,6,AFVG1,3.0814
2026-05-01 05:00:00,6,AFVG1,3.2198
2026-05-01 06:00:00,6,AFVG1,3.202
2026-05-01 07:00:00,6,AFVG1,3.3875
2026-05-01 08:00:00,6,AFVG1,3.3524
2026-05-01 09:00:00,6,AFVG1,3.7004
2026-05-01 10:00:00,6,AFVG1,3.3468
2026-05-01 11:00:00,6,AFVG1,3.6405
2026-05-01 12:00:00,6,AFVG1,3.3305
2026-05-01 13:00:00,6,AFVG1,3.4279
2026-05-01 14:00:00,6,AFVG1,3.3736
2026-05-01 15:00:00,6,AFVG1,3.684
2026-05-01 16:00:00,6,AFVG1,3.5489
2026-05-01 17:00:00,6,AFVG1,3.4854
2026-05-01 18:00:00,6,AFVG1,3.4748
2026-05-01 19:00:00,6,AFVG1,3.2452
2026-05-01 20:00:00,6,AFVG1,3.5803
2026-05-01 21:00:00,6,AFVG1,3.5342
2026-05-01 22:00:00,6,AFVG1,3.2708
2026-05-01 23:00:00,6,AFVG1,3.2228
2026-05-02 00:00:00,6,AFVG1,3.258
2026-05-02 01:00:00,6,AFVG1,3.0695
2026-05-02 02:00:00,6,AFVG1,2.9969
2026-05-02 03:00:00,6,AFVG1,2.8804
2026-05-02 04:00:00,6,AFVG1,2.8267
2026-05-02 05:00:00,6,AFVG1,2.7288
2026-05-02 06:00:00,6,AFVG1,2.8293
2026-05-02 07:00:00,6,AFVG1,2.5886
2026-05-02 08:00:00,6,AFVG1,2.4906
2026-05-02 09:00:00,6,AFVG1,2.3776
2026-05-02 10:00:00,6,AFVG1,2.1636
2026-05-02 11:00:00,6,AFVG1,2.5402
2026-05-02 12:00:00,6,AFVG1,2.3015
2026-05-02 13:00:00,6,AFVG1,2.2761
2026-05-02 14:00:00,6,AFVG1,1.99
2026-05-02 15:00:00,6,AFVG1,2.2144
2026-05-02 16:00:00,6,AFVG1,1.9475
2026-05-02 17:00:00,6,AFVG1,2.0775
2026-05-02 18:00:00,6,AFVG1,1.7958
2026-05-02 19:00:00,6,AFVG1,1.7343
2026-05-02 20:00:00,6,AFVG1,1.6103
2026-05-02 21:00:00,6,AFVG1,1.6551
2026-05-02 22:00:00,6,AFVG1,1.6373
2026-05-02 23:00:00,6,AFVG1,1.7937
2026-05-03 00:00:00,6,AFVG1,1.7734
2026-05-03 01:00:00,6,AFVG1,1.5353
2026-05-03 02:00:00,6,AFVG1,1.6907
2026-05-03 03:00:00,6,AFVG1,1.0933
2026-05-03 04:00:00,6,AFVG1,1.4303
2026-05-03 05:00:00,6,AFVG1,1.5452
2026-05-03 06:00:00,6,AFVG1,1.6545
2026-05-03 07:00:00,6,AFVG1,1.6055
2026-05-03 08:00:00,6,AFVG1,1.5608
2026-05-03 09:00:00,6,AFVG1,1.5337
2026-05-03 10:00:00,6,AFVG1,1.5228
2026-05-03 11:00:00,6,AFVG1,1.9739
2026-05-03 12:00:00,6,AFVG1,1.9084
2026-05-03 13:00:00,6,AFVG1,1.993
2026-05-03 14:00:00,6,AFVG1,1.86
2026-05-03 15:00:00,6,AFVG1,1.8444
2026-05-03 16:00:00,6,AFVG1,2.0778
2026-05-03 17:00:00,6,AFVG1,2.0645
2026-05-03 18:00:00,6,AFVG1,2.1255
2026-05-03 19:00:00,6,AFVG1,2.2201
2026-05-03 20:00:00,6,AFVG1,2.2098
2026-05-03 21:00:00,6,AFVG1,2.2563
2026-05-03 22:00:00,6,AFVG1,2.4338
2026-05-03 23:00:00,6,AFVG1,2.3456
2026-05-01 00:00:00,7,AFVG1,3.0604
2026-05-01 01:00:00,7,AFVG1,3.1682
2026-05-01 02:00:00,7,AFVG1,2.995
2026-05-01 03:00:00,7,AFVG1,2.9002
2026-05-01 04:00:00,7,AFVG1,3.2925
2026-05-01 05:00:00,7,AFVG1,3.3232
2026-05-01 06:00:00,7,AFVG1,3.3391
2026-05-01 07:00:00,7,AFVG1,3.1786
2026-05-01 08:00:00,7,AFVG1,3.1278
2026-05-01 09:00:00,7,AFVG1,3.7025
2026-05-01 10:00:00,7,AFVG1,3.4371
2026-05-01 11:00:00,7,AFVG1,3.5622
2026-05-01 12:00:00,7,AFVG1,3.4861
2026-05-01 13:00:00,7,AFVG1,3.562
2026-05-01 14:00:00,7,AFVG1,3.3046
2026-05-01 15:00:00,7,AFVG1,3.4189
2026-05-01 16:00:00,7,AFVG1,3.265
2026-05-01 17:00:00,7,AFVG1,3.2811
2026-05-01 18:00:00,7,AFVG1,3.3071
2026-05-01 19:00:00,7,AFVG1,3.1054
2026-05-01 20:00:00,7,AFVG1,3.2641
2026-05-01 21:00:00,7,AFVG1,3.1777
2026-05-01 22:00:00,7,AFVG1,3.052
2026-05-01 23:00:00,7,AFVG1,3.1506
2026-05-02 00:00:00,7,AFVG1,3.1048
2026-05-02 01:00:00,7,AFVG1,2.9126
2026-05-02 02:00:00,7,AFVG1,3.2679
2026-05-02 03:00:00,7,AFVG1,2.9986
2026-05-02 04:00:00,7,AFVG1,2.9812
2026-05-02 05:00:00,7,AFVG1,2.6835
2026-05-02 06:00:00,7,AFVG1,2.7851
2026-05-02 07:00:00,7,AFVG1,2.683
2026-05-02 08:00:00,7,AFVG1,2.3322
2026-05-02 09:00:00,7,AFVG1,2.2994
2026-05-02 10:00:00,7,AFVG1,2.7565
2026-05-02 11:00:00,7,AFVG1,2.1763
2026-05-02 12:00:00,7,AFVG1,2.2316
2026-05-02 13:00:00,7,AFVG1,2.0494
2026-05-02 14:00:00,7,AFVG1,2.1321
2026-05-02 15:00:00,7,AFVG1,1.7875
2026-05-02 16:00:00,7,AFVG1,1.7191
2026-05-02 17:00:00,7,AFVG1,1.9776
2026-05-02 18:00:00,7,AFVG1,1.7796
2026-05-02 19:00:00,7,AFVG1,1.3257
2026-05-02 20:00:00,7,AFVG1,1.654
2026-05-02 21:00:00,7,AFVG1,1.5822
2026-05-02 22:00:00,7,AFVG1,1.6813
2026-05-02 23:00:00,7,AFVG1,1.5945
2026-05-03 00:00:00,7,AFVG1,1.576
2026-05-03 01:00:00,7,AFVG1,1.5228
2026-05-03 02:00:00,7,AFVG1,1.5451
2026-05-03 03:00:00,7,AFVG1,1.3275
2026-05-03 04:00:00,7,AFVG1,1.3839
2026-05-03 05:00:00,7,AFVG1,1.391
2026-05-03 06:00:00,7,AFVG1,1.3371
2026-05-03 07:00:00,7,AFVG1,1.6827
2026-05-03 08:00:00,7,AFVG1,1.7587
2026-05-03 09:00:00,7,AFVG1,1.7281
2026-05-03 10:00:00,7,AFVG1,1.5907
2026-05-03 11:00:00,7,AFVG1,1.6509
2026-05-03 12:00:00,7,AFVG1,1.7214
2026-05-03 13:00:00,7,AFVG1,2.0152
2026-05-03 14:00:00,7,AFVG1,1.9927
2026-05-03 15:00:00,7,AFVG1,2.244
2026-05-03 16:00:00,7,AFVG1,1.9107
2026-05-03 17:00:00,7,AFVG1,2.0985
2026-05-03 18:00:00,7,AFVG1,2.0219
2026-05-03 19:00:00,7,AFVG1,2.0791
2026-05-03 20:00:00,7,AFVG1,2.3505
2026-05-03 21:00:00,7,AFVG1,2.4065
2026-05-03 22:00:00,7,AFVG1,2.4632
2026-05-03 23:00:00,7,AFVG1,2.393
2026-05-01 00:00:00,8,AFVG1,3.0607
2026-05-01 01:00:00,8,AFVG1,3.0573
2026-05-01 02:00:00,8,AFVG1,3.3016
2026-05-01 03:00:00,8,AFVG1,3.3069
2026-05-01 04:00:00,8,AFVG1,3.0824
2026-05-01 05:00:00,8,AFVG1,3.388
2026-05-01 06:00:00,8,AFVG1,3.2825
2026-05-01 07:00:00,8,AFVG1,3.6399
2026-05-01 08:00:00,8,AFVG1,3.4369
2026-05-01 09:00:00,8,AFVG1,3.3907
2026-05-01 10:00:00,8,AFVG1,3.4233
2026-05-01 11:00:00,8,AFVG1,3.2704
2026-05-01 12:00:00,8,AFVG1,3.6911
2026-05-01 13:00:00,8,AFVG1,3.8153
2026-05-01 14:00:00,8,AFVG1,3.2284
2026-05-01 15:00:00,8,AFVG1,3.4338
2026-05-01 16:00:00,8,AFVG1,3.4319
2026-05-01 17:00:00,8,AFVG1,3.3296
2026-05-01 18:00:00,8,AFVG1,3.5653
2026-05-01 19:00:00,8,AFVG1,3.5276
2026-05-01 20:00:00,8,AFVG1,3.2557
2026-05-01 21:00:00,8,AFVG1,3.5497
2026-05-01 22:00:00,8,AFVG1,3.1853
2026-05-01 23:00:00,8,AFVG1,3.0807
2026-05-02 00:00:00,8,AFVG1,3.0913
2026-05-02 01:00:00,8,AFVG1,2.866
2026-05-02 02:00:00,8,AFVG1,3.1211
2026-05-02 03:00:00,8,AFVG1,2.918
2026-05-02 04:00:00,8,AFVG1,2.6925
2026-05-02 05:00:00,8,AFVG1,2.6364
2026-05-02 06:00:00,8,AFVG1,2.4453
2026-05-02 07:00:00,8,AFVG1,2.5376
2026-05-02 08:00:00,8,AFVG1,2.221
2026-05-02 09:00:00,8,AFVG1,2.3329
2026-05-02 10:00:00,8,AFVG1,2.1733
2026-05-02 11:00:00,8,AFVG1,2.2562
2026-05-02 12:00:00,8,AFVG1,2.2501
2026-05-02 13:00:00,8,AFVG1,2.1371
2026-05-02 14:00:00,8,AFVG1,1.9294
2026-05-02 15:00:00,8,AFVG1,1.7738
2026-05-02 16:00:00,8,AFVG1,1.7721
2026-05-02 17:00:00,8,AFVG1,1.7562
2026-05-02 18:00:00,8,AFVG1,1.7786
2026-05-02 19:00:00,8,AFVG1,1.5724
2026-05-02 20:00:00,8,AFVG1,1.4706
2026-05-02 21:00:00,8,AFVG1,1.6059
2026-05-02 22:00:00,8,AFVG1,1.7543
2026-05-02 23:00:00,8,AFVG1,1.8085
2026-05-03 00:00:00,8,AFVG1,1.6306
2026-05-03 01:00:00,8,AFVG1,1.3538
2026-05-03 02:00:00,8,AFVG1,1.7114
2026-05-03 03:00:00,8,AFVG1,1.3779
2026-05-03 04:00:00,8,AFVG1,1.4007
2026-05-03 05:00:00,8,AFVG1,1.5989
2026-05-03 06:00:00,8,AFVG1,1.3528
2026-05-03 07:00:00,8,AFVG1,1.7117
2026-05-03 08:00:00,8,AFVG1,1.6213
2026-05-03 09:00:00,8,AFVG1,1.7332
2026-05-03 10:00:00,8,AFVG1,1.5995
2026-05-03 11:00:00,8,AFVG1,1.9051
2026-05-03 12:00:00,8,AFVG1,1.9152
2026-05-03 13:00:00,8,AFVG1,1.8484
2026-05-03 14:00:00,8,AFVG1,2.1136
2026-05-03 15:00:00,8,AFVG1,1.6452
2026-05-03 16:00:00,8,AFVG1,2.1743
2026-05-03 17:00:00,8,AFVG1,2.1821
2026-05-03 18:00:00,8,AFVG1,2.1594
2026-05-03 19:00:00,8,AFVG1,2.3872
2026-05-03 20:00:00,8,AFVG1,2.5185
2026-05-03 21:00:00,8,AFVG1,2.4163
2026-05-03 22:00:00,8,AFVG1,2.592
2026-05-03 23:00:00,8,AFVG1,2.6861
2026-05-01 00:00:00,9,AFVG1,3.1481
2026-05-01 01:00:00,9,AFVG1,3.3384
2026-05-01 02:00:00,9,AFVG1,3.1454
2026-05-01 03:00:00,9,AFVG1,3.4683
2026-05-01 04:00:00,9,AFVG1,3.1255
2026-05-01 05:00:00,9,AFVG1,3.4109
2026-05-01 06:00:00,9,AFVG1,3.1465
2026-05-01 07:00:00,9,AFVG1,3.4476
2026-05-01 08:00:00,9,AFVG1,3.571
2026-05-01 09:00:00,9,AFVG1,3.7853
2026-05-01 10:00:00,9,AFVG1,3.5016
2026-05-01 11:00:00,9,AFVG1,3.3875
2026-05-01 12:00:00,9,AFVG1,3.6522
2026-05-01 13:00:00,9,AFVG1,3.496
2026-05-01 14:00:00,9,AFVG1,3.4894
2026-05-01 15:00:00,9,AFVG1,3.5901
2026-05-01 16:00:00,9,AFVG1,3.5879
2026-05-01 17:00:00,9,AFVG1,3.1291
2026-05-01 18:00:00,9,AFVG1,3.3554
2026-05-01 19:00:00,9,AFVG1,3.2981
2026-05-01 20:00:00,9,AFVG1,3.0875
2026-05-01 21:00:00,9,AFVG1,2.9465
2026-05-01 22:00:00,9,AFVG1,3.1174
2026-05-01 23:00:00,9,AFVG1,2.9909
2026-05-02 00:00:00,9,AFVG1,2.8809
2026-05-02 01:00:00,9,AFVG1,2.8947
2026-05-02 02:00:00,9,AFVG1,2.7855
2026-05-02 03:00:00,9,AFVG1,2.7613
2026-05-02 04:00:00,9,AFVG1,2.9138
2026-05-02 05:00:00,9,AFVG1,2.5903
2026-05-02 06:00:00,9,AFVG1,2.7936
2026-05-02 07:00:00,9,AFVG1,2.6149
2026-05-02 08:00:00,9,AFVG1,2.4907
2026-05-02 09:00:00,9,AFVG1,2.1546
2026-05-02 10:00:00,9,AFVG1,2.1398
2026-05-02 11:00:00,9,AFVG1,1.968
2026-05-02 12:00:00,9,AFVG1,2.0932
2026-05-02 13:00:00,9,AFVG1,1.9488
2026-05-02 14:00:00,9,AFVG1,1.957
2026-05-02 15:00:00,9,AFVG1,1.8723
2026-05-02 16:00:00,9,AFVG1,1.7928
2026-05-02 17:00:00,9,AFVG1,1.66
2026-05-02 18:00:00,9,AFVG1,1.5189
2026-05-02 19:00:00,9,AFVG1,1.5557
2026-05-02 20:00:00,9,AFVG1,1.6927
2026-05-02 21:00:00,9,AFVG1,1.5302
2026-05-02 22:00:00,9,AFVG1,1.5219
2026-05-02 23:00:00,9,AFVG1,1.6439
2026-05-03 00:00:00,9,AFVG1,1.5765
2026-05-03 01:00:00,9,AFVG1,1.2788
2026-05-03 02:00:00,9,AFVG1,1.4915
2026-05-03 03:00:00,9,AFVG1,1.3833
2026-05-03 04:00:00,9,AFVG1,1.5232
2026-05-03 05:00:00,9,AFVG1,1.6139
2026-05-03 06:00:00,9,AFVG1,1.6624
2026-05-03 07:00:00,9,AFVG1,1.8724
2026-05-03 08:00:00,9,AFVG1,1.5908
2026-05-03 09:00:00,9,AFVG1,1.6705
2026-05-03 10:00:00,9,AFVG1,1.8551
2026-05-03 11:00:00,9,AFVG1,1.9726
2026-05-03 12:00:00,9,AFVG1,1.7376
2026-05-03 13:00:00,9,AFVG1,2.0635
2026-05-03 14:00:00,9,AFVG1,2.1323
2026-05-03 15:00:00,9,AFVG1,2.0851
2026-05-03 16:00:00,9,AFVG1,2.1434
2026-05-03 17:00:00,9,AFVG1,2.3756
2026-05-03 18:00:00,9,AFVG1,2.4115
2026-05-03 19:00:00,9,AFVG1,2.4903
2026-05-03 20:00:00,9,AFVG1,2.4037
2026-05-03 21:00:00,9,AFVG1,2.3383
2026-05-03 22:00:00,9,AFVG1,2.6651
2026-05-03 23:00:00,9,AFVG1,2.7198
2026-05-01 00:00:00,10,AFVG1,3.2129
2026-05-01 01:00:00,10,AFVG1,3.091
2026-05-01 02:00:00,10,AFVG1,3.3574
2026-05-01 03:00:00,10,AFVG1,3.3749
2026-05-01 04:00:00,10,AFVG1,3.248
2026-05-01 05:00:00,10,AFVG1,3.5404
2026-05-01 06:00:00,10,AFVG1,3.3806
2026-05-01 07:00:00,10,AFVG1,3.3545
2026-05-01 08:00:00,10,AFVG1,3.5169
2026-05-01 09:00:00,10,AFVG1,3.4905
2026-05-01 10:00:00,10,AFVG1,3.3635
2026-05-01 11:00:00,10,AFVG1,3.592
2026-05-01 12:00:00,10,AFVG1,3.4903
2026-05-01 13:00:00,10,AFVG1,3.3638
2026-05-01 14:00:00,10,AFVG1,3.1935
2026-05-01 15:00:00,10,AFVG1,3.4929
2026-05-01 16:00:00,10,AFVG1,3.4098
2026-05-01 17:00:00,10,AFVG1,3.3726
2026-05-01 18:00:00,10,AFVG1,3.515
2026-05-01 19:00:00,10,AFVG1,2.8831
2026-05-01 20:00:00,10,AFVG1,3.39
2026-05-01 21:00:00,10,AFVG1,3.3423
2026-05-01 22:00:00,10,AFVG1,2.9244
2026-05-01 23:00:00,10,AFVG1,3.1534
2026-05-02 00:00:00,10,AFVG1,2.8056
2026-05-02 01:00:00,10,AFVG1,2.6943
2026-05-02 02:00:00,10,AFVG1,2.7563
2026-05-02 03:00:00,10,AFVG1,2.9646
2026-05-02 04:00:00,10,AFVG1,2.6623
2026-05-02 05:00:00,10,AFVG1,2.5324
2026-05-02 06:00:00,10,AFVG1,2.5745
2026-05-02 07:00:00,10,AFVG1,2.2654
2026-05-02 08:00:00,10,AFVG1,2.5014
2026-05-02 09:00:00,10,AFVG1,2.4321
2026-05-02 10:00:00,10,AFVG1,2.1826
2026-05-02 11:00:00,10,AFVG1,1.9244
2026-05-02 12:00:00,10,AFVG1,2.131
2026-05-02 13:00:00,10,AFVG1,1.9456
2026-05-02 14:00:00,10,AFVG1,1.9334
2026-05-02 15:00:00,10,AFVG1,1.9473
2026-05-02 16:00:00,10,AFVG1,1.7873
2026-05-02 17:00:00,10,AFVG1,1.5369
2026-05-02 18:00:00,10,AFVG1,1.852
2026-05-02 19:00:00,10,AFVG1,1.6325
2026-05-02 20:00:00,10,AFVG1,1.6078
2026-05-02 21:00:00,10,AFVG1,1.6265
2026-05-02 22:00:00,10,AFVG1,1.5627
2026-05-02 23:00:00,10,AFVG1,1.6168
2026-05-03 00:00:00,10,AFVG1,1.5297
2026-05-03 01:00:00,10,AFVG1,1.4759
2026-05-03 02:00:00,10,AFVG1,1.4293
2026-05-03 03:00:00,10,AFVG1,1.4514
2026-05-03 04:00:00,10,AFVG1,1.5078
2026-05-03 05:00:00,10,AFVG1,1.729
2026-05-03 06:00:00,10,AFVG1,1.566
2026-05-03 07:00:00,10,AFVG1,1.6419
2026-05-03 08:00:00,10,AFVG1,1.6914
2026-05-03 09:00:00,10,AFVG1,1.84
2026-05-03 10:00:00,10,AFVG1,1.9158
2026-05-03 11:00:00,10,AFVG1,2.1779
2026-05-03 12:00:00,10,AFVG1,1.7404
2026-05-03 13:00:00,10,AFVG1,1.9865
2026-05-03 14:00:00,10,AFVG1,2.1814
2026-05-03 15:00:00,10,AFVG1,1.9202
2026-05-03 16:00:00,10,AFVG1,2.5139
2026-05-03 17:00:00,10,AFVG1,2.3168
2026-05-03 18:00:00,10,AFVG1,2.2978
2026-05-03 19:00:00,10,AFVG1,2.6458
2026-05-03 20:00:00,10,AFVG1,2.2537
2026-05-03 21:00:00,10,AFVG1,2.6979
2026-05-03 22:00:00,10,AFVG1,2.5988
2026-05-03 23:00:00,10,AFVG1,2.8251
2026-05-01 00:00:00,11,AFVG1,3.2522
2026-05-01 01:00:00,11,AFVG1,3.3724
2026-05-01 02:00:00,11,AFVG1,3.3673
2026-05-01 03:00:00,11,AFVG1,3.6651
2026-05-01 04:00:00,11,AFVG1,3.402
2026-05-01 05:00:00,11,AFVG1,3.3758
2026-05-01 06:00:00,11,AFVG1,3.639
2026-05-01 07:00:00,11,AFVG1,3.4667
2026-05-01 08:00:00,11,AFVG1,3.5538
2026-05-01 09:00:00,11,AFVG1,2.9081
2026-05-01 10:00:00,11,AFVG1,3.5675
2026-05-01 11:00:00,11,AFVG1,3.4821
2026-05-01 12:00:00,11,AFVG1,3.415
2026-05-01 13:00:00,11,AFVG1,3.3619
2026-05-01 14:00:00,11,AFVG1,3.5693
2026-05-01 15:00:00,11,AFVG1,3.0945
2026-05-01 16:00:00,11,AFVG1,3.8339
2026-05-01 17:00:00,11,AFVG1,3.4894
2026-05-01 18:00:00,11,AFVG1,3.3208
2026-05-01 19:00:00,11,AFVG1,3.4942
2026-05-01 20:00:00,11,AFVG1,3.1892
2026-05-01 21:00:00,11,AFVG1,2.9481
2026-05-01 22:00:00,11,AFVG1,3.1667
2026-05-01 23:00:00,11,AFVG1,2.694
2026-05-02 00:00:00,11,AFVG1,2.9531
2026-05-02 01:00:00,11,AFVG1,2.964
2026-05-02 02:00:00,11,AFVG1,2.7837
2026-05-02 03:00:00,11,AFVG1,2.4036
2026-05-02 04:00:00,11,AFVG1,2.569
2026-05-02 05:00:00,11,AFVG1,2.4365
2026-05-02 06:00:00,11,AFVG1,2.2606
2026-05-02 07:00:00,11,AFVG1,1.943
2026-05-02 08:00:00,11,AFVG1,2.0314
2026-05-02 09:00:00,11,AFVG1,2.0554
2026-05-02 10:00:00,11,AFVG1,2.2233
2026-05-02 11:00:00,11,AFVG1,2.3945
2026-05-02 12:00:00,11,AFVG1,2.0407
2026-05-02 13:00:00,11,AFVG1,1.7286
2026-05-02 14:00:00,11,AFVG1,1.7229
2026-05-02 15:00:00,11,AFVG1,1.8926
2026-05-02 16:00:00,11,AFVG1,1.7719
2026-05-02 17:00:00,11,AFVG1,1.6937
2026-05-02 18:00:00,11,AFVG1,1.632
2026-05-02 19:00:00,11,AFVG1,1.7437
2026-05-02 20:00:00,11,AFVG1,1.8732
2026-05-02 21:00:00,11,AFVG1,1.5199
2026-05-02 22:00:00,11,AFVG1,1.5298
2026-05-02 23:00:00,11,AFVG1,1.576
2026-05-03 00:00:00,11,AFVG1,1.4323
2026-05-03 01:00:00,11,AFVG1,1.181
2026-05-03 02:00:00,11,AFVG1,1.5991
2026-05-03 03:00:00,11,AFVG1,1.4369
2026-05-03 04:00:00,11,AFVG1,1.7729
2026-05-03 05:00:00,11,AFVG1,1.6377
2026-05-03 06:00:00,11,AFVG1,1.8761
2026-05-03 07:00:00,11,AFVG1,1.5698
2026-05-03 08:00:00,11,AFVG1,1.9207
2026-05-03 09:00:00,11,AFVG1,1.564
2026-05-03 10:00:00,11,AFVG1,2.012
2026-05-03 11:00:00,11,AFVG1,1.9026
2026-05-03 12:00:00,11,AFVG1,2.1497
2026-05-03 13:00:00,11,AFVG1,2.0295
2026-05-03 14:00:00,11,AFVG1,2.2627
2026-05-03 15:00:00,11,AFVG1,2.3152
2026-05-03 16:00:00,11,AFVG1,2.3786
2026-05-03 17:00:00,11,AFVG1,2.47
2026-05-03 18:00:00,11,AFVG1,2.7389
2026-05-03 19:00:00,11,AFVG1,2.4859
2026-05-03 20:00:00,11,AFVG1,2.8634
2026-05-03 21:00:00,11,AFVG1,2.6815
2026-05-03 22:00:00,11,AFVG1,2.9957
2026-05-03 23:00:00,11,AFVG1,3.2436
2026-05-01 00:00:00,12,AFVG1,3.1249
2026-05-01 01:00:00,12,AFVG1,2.9742
2026-05-01 02:00:00,12,AFVG1,3.3696
2026-05-01 03:00:00,12,AFVG1,3.2829
2026-05-01 04:00:00,12,AFVG1,3.3431
2026-05-01 05:00:00,12,AFVG1,3.4017
2026-05-01 06:00:00,12,AFVG1,3.3934
2026-05-01 07:00:00,12,AFVG1,3.7038
2026-05-01 08:00:00,12,AFVG1,3.6668
2026-05-01 09:00:00,12,AFVG1,3.6737
2026-05-01 10:00:00,12,AFVG1,3.8416
2026-05-01 11:00:00,12,AFVG1,3.3672
2026-05-01 12:00:00,12,AFVG1,3.0895
2026-05-01 13:00:00,12,AFVG1,3.742
2026-05-01 14:00:00,12,AFVG1,3.4441
2026-05-01 15:00:00,12,AFVG1,3.3599
2026-05-01 16:00:00,12,AFVG1,3.0535
2026-05-01 17:00:00,12,AFVG1,3.0711
2026-05-01 18:00:00,12,AFVG1,3.3223
2026-05-01 19:00:00,12,AFVG1,3.1366
2026-05-01 20:00:00,12,AFVG1,2.7702
2026-05-01 21:00:00,12,AFVG1,2.883
2026-05-01 22:00:00,12,AFVG1,3.1087
2026-05-01 23:00:00,12,AFVG1,3.0673
2026-05-02 00:00:00,12,AFVG1,2.8292
2026-05-02 01:00:00,12,AFVG1,3.1416
2026-05-02 02:00:00,12,AFVG1,2.7885
2026-05-02 03:00:00,12,AFVG1,2.8231
2026-05-02 04:00:00,12,AFVG1,2.6683
2026-05-02 05:00:00,12,AFVG1,2.5099
2026-05-02 06:00:00,12,AFVG1,2.102
2026-05-02 07:00:00,12,AFVG1,1.9819
2026-05-02 08:00:00,12,AFVG1,2.0318
2026-05-02 09:00:00,12,AFVG1,2.1052
2026-05-02 10:00:00,12,AFVG1,1.9931
2026-05-02 11:00:00,12,AFVG1,1.9792
2026-05-02 12:00:00,12,AFVG1,1.854
2026-05-02 13:00:00,12,AFVG1,1.8671
2026-05-02 14:00:00,12,AFVG1,1.887
2026-05-02 15:00:00,12,AFVG1,1.6887
2026-05-02 16:00:00,12,AFVG1,1.5986
2026-05-02 17:00:00,12,AFVG1,1.2089
2026-05-02 18:00:00,12,AFVG1,1.6994
2026-05-02 19:00:00,12,AFVG1,1.4255
2026-05-02 20:00:00,12,AFVG1,1.3847
2026-05-02 21:00:00,12,AFVG1,1.6376
2026-05-02 22:00:00,12,AFVG1,1.6385
2026-05-02 23:00:00,12,AFVG1,1.603
2026-05-03 00:00:00,12,AFVG1,1.6511
2026-05-03 01:00:00,12,AFVG1,1.3581
2026-05-03 02:00:00,12,AFVG1,1.5086
2026-05-03 03:00:00,12,AFVG1,1.488
2026-05-03 04:00:00,12,AFVG1,1.8638
2026-05-03 05:00:00,12,AFVG1,1.7741
2026-05-03 06:00:00,12,AFVG1,1.654
2026-05-03 07:00:00,12,AFVG1,1.8685
2026-05-03 08:00:00,12,AFVG1,1.8554
2026-05-03 09:00:00,12,AFVG1,1.8434
2026-05-03 10:00:00,12,AFVG1,1.9973
2026-05-03 11:00:00,12,AFVG1,2.1251
2026-05-03 12:00:00,12,AFVG1,2.0499
2026-05-03 13:00:00,12,AFVG1,1.9603
2026-05-03 14:00:00,12,AFVG1,2.2802
2026-05-03 15:00:00,12,AFVG1,2.2684
2026-05-03 16:00:00,12,AFVG1,2.2186
2026-05-03 17:00:00,12,AFVG1,2.3583
2026-05-03 18:00:00,12,AFVG1,2.5194
2026-05-03 19:00:00,12,AFVG1,2.6438
2026-05-03 20:00:00,12,AFVG1,2.8059
2026-05-03 21:00:00,12,AFVG1,2.7702
2026-05-03 22:00:00,12,AFVG1,2.9478
2026-05-03 23:00:00,12,AFVG1,2.9
2026-05-01 00:00:00,13,AFVG1,3.3714
2026-05-01 01:00:00,13,AFVG1,3.3983
2026-05-01 02:00:00,13,AFVG1,3.4658
2026-05-01 03:00:00,13,AFVG1,3.6324
2026-05-01 04:00:00,13,AFVG1,3.4044
2026-05-01 05:00:00,13,AFVG1,3.2314
2026-05-01 06:00:00,13,AFVG1,3.4754
2026-05-01 07:00:00,13,AFVG1,3.6184
2026-05-01 08:00:00,13,AFVG1,3.5037
2026-05-01 09:00:00,13,AFVG1,3.5437
2026-05-01 10:00:00,13,AFVG1,3.2268
2026-05-01 11:00:00,13,AFVG1,3.3423
2026-05-01 12:00:00,13,AFVG1,3.5238
2026-05-01 13:00:00,13,AFVG1,3.5287
2026-05-01 14:00:00,13,AFVG1,3.2622
2026-05-01 15:00:00,13,AFVG1,3.3864
2026-05-01 16:00:00,13,AFVG1,3.1756
2026-05-01 17:00:00,13,AFVG1,3.0548
2026-05-01 18:00:00,13,AFVG1,3.1787
2026-05-01 19:00:00,13,AFVG1,3.1364
2026-05-01 20:00:00,13,AFVG1,3.0948
2026-05-01 21:00:00,13,AFVG1,3.0727
2026-05-01 22:00:00,13,AFVG1,3.1394
2026-05-01 23:00:00,13,AFVG1,2.9521
2026-05-02 00:00:00,13,AFVG1,2.6754
2026-05-02 01:00:00,13,AFVG1,2.7887
2026-05-02 02:00:00,13,AFVG1,2.3448
2026-05-02 03:00:00,13,AFVG1,2.4967
2026-05-02 04:00:00,13,AFVG1,2.5565
2026-05-02 05:00:00,13,AFVG1,2.4179
2026-05-02 06:00:00,13,AFVG1,2.359
2026-05-02 07:00:00,13,AFVG1,2.442
2026-05-02 08:00:00,13,AFVG1,1.9674
2026-05-02 09:00:00,13,AFVG1,2.1237
2026-05-02 10:00:00,13,AFVG1,1.9199
2026-05-02 11:00:00,13,AFVG1,2.0345
2026-05-02 12:00:00,13,AFVG1,1.8227
2026-05-02 13:00:00,13,AFVG1,1.8649
2026-05-02 14:00:00,13,AFVG1,1.9274
2026-05-02 15:00:00,13,AFVG1,1.7434
2026-05-02 16:00:00,13,AFVG1,1.5765
2026-05-02 17:00:00,13,AFVG1,1.5183
2026-05-02 18:00:00,13,AFVG1,1.4413
2026-05-02 19:00:00,13,AFVG1,1.6796
2026-05-02 20:00:00,13,AFVG1,1.706
2026-05-02 21:00:00,13,AFVG1,1.4647
2026-05-02 22:00:00,13,AFVG1,1.2291
2026-05-02 23:00:00,13,AFVG1,1.4115
2026-05-03 00:00:00,13,AFVG1,1.5846
2026-05-03 01:00:00,13,AFVG1,1.3972
2026-05-03 02:00:00,13,AFVG1,1.2718
2026-05-03 03:00:00,13,AFVG1,1.5319
2026-05-03 04:00:00,13,AFVG1,1.3316
2026-05-03 05:00:00,13,AFVG1,1.7316
2026-05-03 06:00:00,13,AFVG1,1.6735
2026-05-03 07:00:00,13,AFVG1,1.7988
2026-05-03 08:00:00,13,AFVG1,2.0453
2026-05-03 09:00:00,13,AFVG1,1.7802
2026-05-03 10:00:00,13,AFVG1,1.6638
2026-05-03 11:00:00,13,AFVG1,2.0549
2026-05-03 12:00:00,13,AFVG1,2.2058
2026-05-03 13:00:00,13,AFVG1,1.9998
2026-05-03 14:00:00,13,AFVG1,2.2397
2026-05-03 15:00:00,13,AFVG1,2.325
2026-05-03 16:00:00,13,AFVG1,2.4643
2026-05-03 17:00:00,13,AFVG1,2.4511
2026-05-03 18:00:00,13,AFVG1,3.026
2026-05-03 19:00:00,13,AFVG1,2.6692
2026-05-03 20:00:00,13,AFVG1,2.8173
2026-05-03 21:00:00,13,AFVG1,2.7952
2026-05-03 22:00:00,13,AFVG1,2.5476
2026-05-03 23:00:00,13,AFVG1,3.2243
2026-05-01 00:00:00,14,AFVG1,2.857
2026-05-01 01:00:00,14,AFVG1,3.5775
2026-05-01 02:00:00,14,AFVG1,3.2132
2026-05-01 03:00:00,14,AFVG1,3.2387
2026-05-01 04:00:00,14,AFVG1,3.4507
2026-05-01 05:00:00,14,AFVG1,3.8143
2026-05-01 06:00:00,14,AFVG1,3.5438
2026-05-01 07:00:00,14,AFVG1,3.4713
2026-05-01 08:00:00,14,AFVG1,3.382
2026-05-01 09:00:00,14,AFVG1,3.585
2026-05-01 10:00:00,14,AFVG1,3.4152
2026-05-01 11:00:00,14,AFVG1,3.5544
2026-05-01 12:00:00,14,AFVG1,3.1229
2026-05-01 13:00:00,14,AFVG1,3.4604
2026-05-01 14:00:00,14,AFVG1,3.3864
2026-05-01 15:00:00,14,AFVG1,3.0864
2026-05-01 16:00:00,14,AFVG1,3.0819
2026-05-01 17:00:00,14,AFVG1,3.1558
2026-05-01 18:00:00,14,AFVG1,3.0414
2026-05-01 19:00:00,14,AFVG1,3.0901
2026-05-01 20:00:00,14,AFVG1,2.7598
2026-05-01 21:00:00,14,AFVG1,2.7674
2026-05-01 22:00:00,14,AFVG1,3.1395
2026-05-01 23:00:00,14,AFVG1,2.6161
2026-05-02 00:00:00,14,AFVG1,2.597
2026-05-02 01:00:00,14,AFVG1,2.5516
2026-05-02 02:00:00,14,AFVG1,2.4532
2026-05-02 03:00:00,14,AFVG1,2.5927
2026-05-02 04:00:00,14,AFVG1,2.2433
2026-05-02 05:00:00,14,AFVG1,2.3759
2026-05-02 06:00:00,14,AFVG1,2.0397
2026-05-02 07:00:00,14,AFVG1,2.2066
2026-05-02 08:00:00,14,AFVG1,1.984
2026-05-02 09:00:00,14,AFVG1,1.9187
2026-05-02 10:00:00,14,AFVG1,1.8644
2026-05-02 11:00:00,14,AFVG1,1.8972
2026-05-02 12:00:00,14,AFVG1,1.5774
2026-05-02 13:00:00,14,AFVG1,1.5578
2026-05-02 14:00:00,14,AFVG1,1.9614
2026-05-02 15:00:00,14,AFVG1,1.6901
2026-05-02 16:00:00,14,AFVG1,1.5244
2026-05-02 17:00:00,14,AFVG1,1.6457
2026-05-02 18:00:00,14,AFVG1,1.5179
2026-05-02 19:00:00,14,AFVG1,1.1734
2026-05-02 20:00:00,14,AFVG1,1.5264
2026-05-02 21:00:00,14,AFVG1,1.4819
2026-05-02 22:00:00,14,AFVG1,1.5575
2026-05-02 23:00:00,14,AFVG1,1.4007
2026-05-03 00:00:00,14,AFVG1,1.5025
2026-05-03 01:00:00,14,AFVG1,1.7323
2026-05-03 02:00:00,14,AFVG1,1.5702
2026-05-03 03:00:00,14,AFVG1,1.5667
2026-05-03 04:00:00,14,AFVG1,1.73
2026-05-03 05:00:00,14,AFVG1,1.666
2026-05-03 06:00:00,14,AFVG1,1.9406
2026-05-03 07:00:00,14,AFVG1,1.8146
2026-05-03 08:00:00,14,AFVG1,1.9601
2026-05-03 09:00:00,14,AFVG1,1.869
2026-05-03 10:00:00,14,AFVG1,1.8601
2026-05-03 11:00:00,14,AFVG1,2.2309
2026-05-03 12:00:00,14,AFVG1,2.2407
2026-05-03 13:00:00,14,AFVG1,2.3775
2026-05-03 14:00:00,14,AFVG1,2.4744
2026-05-03 15:00:00,14,AFVG1,2.2265
2026-05-03 16:00:00,14,AFVG1,2.5481
2026-05-03 17:00:00,14,AFVG1,2.3124
2026-05-03 18:00:00,14,AFVG1,2.7735
2026-05-03 19:00:00,14,AFVG1,2.6137
2026-05-03 20:00:00,14,AFVG1,2.9256
2026-05-03 21:00:00,14,AFVG1,3.041
2026-05-03 22:00:00,14,AFVG1,2.9247
2026-05-03 23:00:00,14,AFVG1,3.0723
2026-05-01 00:00:00,15,AFVG1,3.5508
2026-05-01 01:00:00,15,AFVG1,3.1577
2026-05-01 02:00:00,15,AFVG1,3.5345
2026-05-01 03:00:00,15,AFVG1,3.4813
2026-05-01 04:00:00,15,AFVG1,3.6247
2026-05-01 05:00:00,15,AFVG1,3.2468
2026-05-01 06:00:00,15,AFVG1,3.5003
2026-05-01 07:00:00,15,AFVG1,3.6637
2026-05-01 08:00:00,15,AFVG1,3.6933
2026-05-01 09:00:00,15,AFVG1,3.3585
2026-05-01 10:00:00,15,AFVG1,3.4096
2026-05-01 11:00:00,15,AFVG1,3.6989
2026-05-01 12:00:00,15,AFVG1,3.1744
2026-05-01 13:00:00,15,AFVG1,3.339
2026-05-01 14:00:00,15,AFVG1,3.3252
2026-05-01 15:00:00,15,AFVG1,3.2719
2026-05-01 16:00:00,15,AFVG1,3.0475
2026-05-01 17:00:00,15,AFVG1,3.2695
2026-05-01 18:00:00,15,AFVG1,3.191
2026-05-01 19:00:00,15,AFVG1,3.2591
2026-05-01 20:00:00,15,AFVG1,2.7933
2026-05-01 21:00:00,15,AFVG1,2.7627
2026-05-01 22:00:00,15,AFVG1,2.9199
2026-05-01 23:00:00,15,AFVG1,2.9463
2026-05-02 00:00:00,15,AFVG1,2.59
2026-05-02 01:00:00,15,AFVG1,2.2791
2026-05-02 02:00:00,15,AFVG1,2.3926
2026-05-02 03:00:00,15,AFVG1,2.487
2026-05-02 04:00:00,15,AFVG1,2.3623
2026-05-02 05:00:00,15,AFVG1,2.3476
2026-05-02 06:00:00,15,AFVG1,2.3916
2026-05-02 07:00:00,15,AFVG1,1.9631
2026-05-02 08:00:00,15,AFVG1,1.8204
2026-05-02 09:00:00,15,AFVG1,1.7077
2026-05-02 10:00:00,15,AFVG1,1.806
2026-05-02 11:00:00,15,AFVG1,1.9183
2026-05-02 12:00:00,15,AFVG1,1.9706
2026-05-02 13:00:00,15,AFVG1,1.6958
2026-05-02 14:00:00,15,AFVG1,1.6226
2026-05-02 15:00:00,15,AFVG1,1.5639
2026-05-02 16:00:00,15,AFVG1,1.7376
2026-05-02 17:00:00,15,AFVG1,1.4157
2026-05-02 18:00:00,15,AFVG1,1.4974
2026-05-02 19:00:00,15,AFVG1,1.4915
2026-05-02 20:00:00,15,AFVG1,1.4959
2026-05-02 21:00:00,15,AFVG1,1.7751
2026-05-02 22:00:00,15,AFVG1,1.3808
2026-05-02 23:00:00,15,AFVG1,1.9004
2026-05-03 00:00:00,15,AFVG1,1.4582
2026-05-03 01:00:00,15,AFVG1,1.4642
2026-05-03 02:00:00,15,AFVG1,1.5253
2026-05-03 03:00:00,15,AFVG1,1.765
2026-05-03 04:00:00,15,AFVG1,1.7147
2026-05-03 05:00:00,15,AFVG1,1.9394
2026-05-03 06:00:00,15,AFVG1,1.7072
2026-05-03 07:00:00,15,AFVG1,1.6439
2026-05-03 08:00:00,15,AFVG1,1.9077
2026-05-03 09:00:00,15,AFVG1,2.0774
2026-05-03 10:00:00,15,AFVG1,1.8903
2026-05-03 11:00:00,15,AFVG1,2.1728
2026-05-03 12:00:00,15,AFVG1,2.3493
2026-05-03 13:00:00,15,AFVG1,2.2297
2026-05-03 14:00:00,15,AFVG1,2.3099
2026-05-03 15:00:00,15,AFVG1,2.3525
2026-05-03 16:00:00,15,AFVG1,2.5785
2026-05-03 17:00:00,15,AFVG1,2.7509
2026-05-03 18:00:00,15,AFVG1,3.1758
2026-05-03 19:00:00,15,AFVG1,3.0178
2026-05-03 20:00:00,15,AFVG1,2.7308
2026-05-03 21:00:00,15,AFVG1,2.7636
2026-05-03 22:00:00,15,AFVG1,3.0482
2026-05-03 23:00:00,15,AFVG1,3.3673
2026-05-01 00:00:00,16,AFVG1,3.4987
2026-05-01 01:00:00,16,AFVG1,3.3541
2026-05-01 02:00:00,16,AFVG1,3.6102
2026-05-01 03:00:00,16,AFVG1,3.6865
2026-05-01 04:00:00,16,AFVG1,3.7124
2026-05-01 05:00:00,16,AFVG1,3.3395
2026-05-01 06:00:00,16,AFVG1,3.5644
2026-05-01 07:00:00,16,AFVG1,3.2991
2026-05-01 08:00:00,16,AFVG1,3.356
2026-05-01 09:00:00,16,AFVG1,3.2638
2026-05-01 10:00:00,16,AFVG1,3.3884
2026-05-01 11:00:00,16,AFVG1,3.178
2026-05-01 12:00:00,16,AFVG1,3.4692
2026-05-01 13:00:00,16,AFVG1,3.3047
2026-05-01 14:00:00,16,AFVG1,3.1249
2026-05-01 15:00:00,16,AFVG1,3.2701
2026-05-01 16:00:00,16,AFVG1,3.3648
2026-05-01 17:00:00,16,AFVG1,3.1205
2026-05-01 18:00:00,16,AFVG1,2.9107
2026-05-01 19:00:00,16,AFVG1,2.8818
2026-05-01 20:00:00,16,AFVG1,2.8319
2026-05-01 21:00:00,16,AFVG1,2.663
2026-05-01 22:00:00,16,AFVG1,2.4304
2026-05-01 23:00:00,16,AFVG1,2.548
2026-05-02 00:00:00,16,AFVG1,2.708
2026-05-02 01:00:00,16,AFVG1,2.3142
2026-05-02 02:00:00,16,AFVG1,2.0659
2026-05-02 03:00:00,16,AFVG1,2.2603
2026-05-02 04:00:00,16,AFVG1,2.3587
2026-05-02 05:00:00,16,AFVG1,1.8568
2026-05-02 06:00:00,16,AFVG1,2.0681
2026-05-02 07:00:00,16,AFVG1,2.0291
2026-05-02 08:00:00,16,AFVG1,1.9793
2026-05-02 09:00:00,16,AFVG1,1.9179
2026-05-02 10:00:00,16,AFVG1,1.8657
2026-05-02 11:00:00,16,AFVG1,1.4822
2026-05-02 12:00:00,16,AFVG1,1.7628
2026-05-02 13:00:00,16,AFVG1,1.8334
2026-05-02 14:00:00,16,AFVG1,1.556
2026-05-02 15:00:00,16,AFVG1,1.6138
2026-05-02 16:00:00,16,AFVG1,1.3812
2026-05-02 17:00:00,16,AFVG1,1.7108
2026-05-02 18:00:00,16,AFVG1,1.4115
2026-05-02 19:00:00,16,AFVG1,1.7475
2026-05-02 20:00:00,16,AFVG1,1.4458
2026-05-02 21:00:00,16,AFVG1,1.6141
2026-05-02 22:00:00,16,AFVG1,1.4489
2026-05-02 23:00:00,16,AFVG1,1.8338
2026-05-03 00:00:00,16,AFVG1,1.2861
2026-05-03 01:00:00,16,AFVG1,1.6735
2026-05-03 02:00:00,16,AFVG1,1.3485
2026-05-03 03:00:00,16,AFVG1,1.5278
2026-05-03 04:00:00,16,AFVG1,2.046
2026-05-03 05:00:00,16,AFVG1,1.9571
2026-05-03 06:00:00,16,AFVG1,1.5828
2026-05-03 07:00:00,16,AFVG1,1.9512
2026-05-03 08:00:00,16,AFVG1,1.9307
2026-05-03 09:00:00,16,AFVG1,2.1839
2026-05-03 10:00:00,16,AFVG1,2.4537
2026-05-03 11:00:00,16,AFVG1,2.3541
2026-05-03 12:00:00,16,AFVG1,2.4027
2026-05-03 13:00:00,16,AFVG1,2.4964
2026-05-03 14:00:00,16,AFVG1,2.3396
2026-05-03 15:00:00,16,AFVG1,2.6919
2026-05-03 16:00:00,16,AFVG1,2.8075
2026-05-03 17:00:00,16,AFVG1,2.6589
2026-05-03 18:00:00,16,AFVG1,2.7341
2026-05-03 19:00:00,16,AFVG1,3.1254
2026-05-03 20:00:00,16,AFVG1,3.0138
2026-05-03 21:00:00,16,AFVG1,2.8831
2026-05-03 22:00:00,16,AFVG1,3.0575
2026-05-03 23:00:00,16,AFVG1,3.1156
2026-05-01 00:00:00,17,AFVG1,3.4187
2026-05-01 01:00:00,17,AFVG1,3.4452
2026-05-01 02:00:00,17,AFVG1,3.4398
2026-05-01 03:00:00,17,AFVG1,3.7425
2026-05-01 04:00:00,17,AFVG1,3.6237
2026-05-01 05:00:00,17,AFVG1,3.7218
2026-05-01 06:00:00,17,AFVG1,3.2387
2026-05-01 07:00:00,17,AFVG1,3.4962
2026-05-01 08:00:00,17,AFVG1,3.6356
2026-05-01 09:00:00,17,AFVG1,3.5414
2026-05-01 10:00:00,17,AFVG1,3.2974
2026-05-01 11:00:00,17,AFVG1,3.2464
2026-05-01 12:00:00,17,AFVG1,3.4583
2026-05-01 13:00:00,17,AFVG1,3.2313
2026-05-01 14:00:00,17,AFVG1,3.304
2026-05-01 15:00:00,17,AFVG1,3.1689
2026-05-01 16:00:00,17,AFVG1,3.062
2026-05-01 17:00:00,17,AFVG1,3.0278
2026-05-01 18:00:00,17,AFVG1,2.812
2026-05-01 19:00:00,17,AFVG1,3.1152
2026-05-01 20:00:00,17,AFVG1,2.8633
2026-05-01 21:00:00,17,AFVG1,2.9101
2026-05-01 22:00:00,17,AFVG1,2.5386
2026-05-01 23:00:00,17,AFVG1,2.4538
2026-05-02 00:00:00,17,AFVG1,2.4037
2026-05-02 01:00:00,17,AFVG1,2.2394
2026-05-02 02:00:00,17,AFVG1,2.3883
2026-05-02 03:00:00,17,AFVG1,2.3129
2026-05-02 04:00:00,17,AFVG1,2.0505
2026-05-02 05:00:00,17,AFVG1,2.0036
2026-05-02 06:00:00,17,AFVG1,2.0352
2026-05-02 07:00:00,17,AFVG1,1.7966
2026-05-02 08:00:00,17,AFVG1,1.7829
2026-05-02 09:00:00,17,AFVG1,2.0178
2026-05-02 10:00:00,17,AFVG1,1.6162
2026-05-02 11:00:00,17,AFVG1,1.6004
2026-05-02 12:00:00,17,AFVG1,2.0091
2026-05-02 13:00:00,17,AFVG1,1.2759
2026-05-02 14:00:00,17,AFVG1,1.3849
2026-05-02 15:00:00,17,AFVG1,1.8065
2026-05-02 16:00:00,17,AFVG1,1.4564
2026-05-02 17:00:00,17,AFVG1,1.5806
2026-05-02 18:00:00,17,AFVG1,1.8182
2026-05-02 19:00:00,17,AFVG1,1.3943
2026-05-02 20:00:00,17,AFVG1,1.4217
2026-05-02 21:00:00,17,AFVG1,1.5874
2026-05-02 22:00:00,17,AFVG1,1.5366
2026-05-02 23:00:00,17,AFVG1,1.498
2026-05-03 00:00:00,17,AFVG1,1.5919
2026-05-03 01:00:00,17,AFVG1,1.454
2026-05-03 02:00:00,17,AFVG1,1.7703
2026-05-03 03:00:00,17,AFVG1,1.8784
2026-05-03 04:00:00,17,AFVG1,1.787
2026-05-03 05:00:00,17,AFVG1,1.8403
2026-05-03 06:00:00,17,AFVG1,2.0233
2026-05-03 07:00:00,17,AFVG1,1.9312
2026-05-03 08:00:00,17,AFVG1,2.0401
2026-05-03 09:00:00,17,AFVG1,2.1533
2026-05-03 10:00:00,17,AFVG1,2.4639
2026-05-03 11:00:00,17,AFVG1,2.317
2026-05-03 12:00:00,17,AFVG1,2.3899
2026-05-03 13:00:00,17,AFVG1,2.4655
2026-05-03 14:00:00,17,AFVG1,2.5158
2026-05-03 15:00:00,17,AFVG1,2.5114
2026-05-03 16:00:00,17,AFVG1,2.6
2026-05-03 17:00:00,17,AFVG1,2.9469
2026-05-03 18:00:00,17,AFVG1,2.8103
2026-05-03 19:00:00,17,AFVG1,2.9846
2026-05-03 20:00:00,17,AFVG1,2.9711
2026-05-03 21:00:00,17,AFVG1,2.9114
2026-05-03 22:00:00,17,AFVG1,3.1047
2026-05-03 23:00:00,17,AFVG1,3.4431
2026-05-01 00:00:00,18,AFVG1,3.3899
2026-05-01 01:00:00,18,AFVG1,3.3728
2026-05-01 02:00:00,18,AFVG1,3.4254
2026-05-01 03:00:00,18,AFVG1,3.448
2026-05-01 04:00:00,18,AFVG1,3.534
2026-05-01 05:00:00,18,AFVG1,3.4327
2026-05-01 06:00:00,18,AFVG1,3.4675
2026-05-01 07:00:00,18,AFVG1,3.3895
2026-05-01 08:00:00,18,AFVG1,3.491
2026-05-01 09:00:00,18,AFVG1,3.4518
2026-05-01 10:00:00,18,AFVG1,3.3983
2026-05-01 11:00:00,18,AFVG1,3.417
2026-05-01 12:00:00,18,AFVG1,3.2569
2026-05-01 13:00:00,18,AFVG1,3.3981
2026-05-01 14:00:00,18,AFVG1,3.2255
2026-05-01 15:00:00,18,AFVG1,3.3136
2026-05-01 16:00:00,18,AFVG1,3.0092
2026-05-01 17:00:00,18,AFVG1,2.9892
2026-05-01 18:00:00,18,AFVG1,2.7701
2026-05-01 19:00:00,18,AFVG1,2.7962
2026-05-01 20:00:00,18,AFVG1,2.836
2026-05-01 21:00:00,18,AFVG1,2.5764
2026-05-01 22:00:00,18,AFVG1,2.7721
2026-05-01 23:00:00,18,AFVG1,2.4688
2026-05-02 00:00:00,18,AFVG1,2.6193
2026-05-02 01:00:00,18,AFVG1,2.1423
2026-05-02 02:00:00,18,AFVG1,2.1772
2026-05-02 03:00:00,18,AFVG1,2.0654
2026-05-02 04:00:00,18,AFVG1,2.2151
2026-05-02 05:00:00,18,AFVG1,2.0864
2026-05-02 06:00:00,18,AFVG1,1.9088
2026-05-02 07:00:00,18,AFVG1,1.7861
2026-05-02 08:00:00,18,AFVG1,1.7891
2026-05-02 09:00:00,18,AFVG1,1.8454
2026-05-02 10:00:00,18,AFVG1,1.8109
2026-05-02 11:00:00,18,AFVG1,1.6312
2026-05-02 12:00:00,18,AFVG1,1.5335
2026-05-02 13:00:00,18,AFVG1,1.5826
2026-05-02 14:00:00,18,AFVG1,1.5599
2026-05-02 15:00:00,18,AFVG1,1.5583
2026-05-02 16:00:00,18,AFVG1,1.4391
2026-05-02 17:00:00,18,AFVG1,1.7617
2026-05-02 18:00:00,18,AFVG1,1.4068
2026-05-02 19:00:00,18,AFVG1,1.7354
2026-05-02 20:00:00,18,AFVG1,1.7319
2026-05-02 21:00:00,18,AFVG1,1.686
2026-05-02 22:00:00,18,AFVG1,1.8528
2026-05-02 23:00:00,18,AFVG1,1.6892
2026-05-03 00:00:00,18,AFVG1,1.5987
2026-05-03 01:00:00,18,AFVG1,1.6141
2026-05-03 02:00:00,18,AFVG1,1.6438
2026-05-03 03:00:00,18,AFVG1,1.9272
2026-05-03 04:00:00,18,AFVG1,1.6415
2026-05-03 05:00:00,18,AFVG1,1.7166
2026-05-03 06:00:00,18,AFVG1,2.2302
2026-05-03 07:00:00,18,AFVG1,2.2261
2026-05-03 08:00:00,18,AFVG1,2.2131
2026-05-03 09:00:00,18,AFVG1,2.3687
2026-05-03 10:00:00,18,AFVG1,2.4274
2026-05-03 11:00:00,18,AFVG1,2.3657
2026-05-03 12:00:00,18,AFVG1,2.2565
2026-05-03 13:00:00,18,AFVG1,2.7526
2026-05-03 14:00:00,18,AFVG1,2.7099
2026-05-03 15:00:00,18,AFVG1,2.5184
2026-05-03 16:00:00,18,AFVG1,2.8265
2026-05-03 17:00:00,18,AFVG1,2.8131
2026-05-03 18:00:00,18,AFVG1,2.9416
2026-05-03 19:00:00,18,AFVG1,2.9821
2026-05-03 20:00:00,18,AFVG1,3.1827
2026-05-03 21:00:00,18,AFVG1,3.1332
2026-05-03 22:00:00,18,AFVG1,3.0511
2026-05-03 23:00:00,18,AFVG1,3.3802
2026-05-01 00:00:00,19,AFVG1,3.544
2026-05-01 01:00:00,19,AFVG1,3.2738
2026-05-01 02:00:00,19,AFVG1,3.5586
2026-05-01 03:00:00,19,AFVG1,3.6331
2026-05-01 04:00:00,19,AFVG1,3.4728
2026-05-01 05:00:00,19,AFVG1,3.5127
2026-05-01 06:00:00,19,AFVG1,3.3519
2026-05-01 07:00:00,19,AFVG1,3.1794
2026-05-01 08:00:00,19,AFVG1,3.489
2026-05-01 09:00:00,19,AFVG1,3.36
2026-05-01 10:00:00,19,AFVG1,3.394
2026-05-01 11:00:00,19,AFVG1,3.2449
2026-05-01 12:00:00,19,AFVG1,3.1863
2026-05-01 13:00:00,19,AFVG1,3.1899
2026-05-01 14:00:00,19,AFVG1,3.0916
2026-05-01 15:00:00,19,AFVG1,3.1625
2026-05-01 16:00:00,19,AFVG1,2.8967
2026-05-01 17:00:00,19,AFVG1,2.6681
2026-05-01 18:00:00,19,AFVG1,2.8282
2026-05-01 19:00:00,19,AFVG1,2.5308
2026-05-01 20:00:00,19,AFVG1,2.2643
2026-05-01 21:00:00,19,AFVG1,2.397
2026-05-01 22:00:00,19,AFVG1,2.4125
2026-05-01 23:00:00,19,AFVG1,2.2757
2026-05-02 00:00:00,19,AFVG1,2.0822
2026-05-02 01:00:00,19,AFVG1,2.1979
2026-05-02 02:00:00,19,AFVG1,2.3348
2026-05-02 03:00:00,19,AFVG1,2.1999
2026-05-02 04:00:00,19,AFVG1,2.0028
2026-05-02 05:00:00,19,AFVG1,2.0693
2026-05-02 06:00:00,19,AFVG1,1.7986
2026-05-02 07:00:00,19,AFVG1,1.6703
2026-05-02 08:00:00,19,AFVG1,1.8471
2026-05-02 09:00:00,19,AFVG1,1.5308
2026-05-02 10:00:00,19,AFVG1,1.6971
2026-05-02 11:00:00,19,AFVG1,1.6027
2026-05-02 12:00:00,19,AFVG1,1.5178
2026-05-02 13:00:00,19,AFVG1,1.4757
2026-05-02 14:00:00,19,AFVG1,1.6938
2026-05-02 15:00:00,19,AFVG1,1.2703
2026-05-02 16:00:00,19,AFVG1,1.5416
2026-05-02 17:00:00,19,AFVG1,1.4573
2026-05-02 18:00:00,19,AFVG1,1.3957
2026-05-02 19:00:00,19,AFVG1,1.526
2026-05-02 20:00:00,19,AFVG1,1.5875
2026-05-02 21:00:00,19,AFVG1,1.5578
2026-05-02 22:00:00,19,AFVG1,1.6367
2026-05-02 23:00:00,19,AFVG1,1.8516
2026-05-03 00:00:00,19,AFVG1,1.5946
2026-05-03 01:00:00,19,AFVG1,1.7985
2026-05-03 02:00:00,19,AFVG1,1.5313
2026-05-03 03:00:00,19,AFVG1,1.9219
2026-05-03 04:00:00,19,AFVG1,1.639
2026-05-03 05:00:00,19,AFVG1,2.0836
2026-05-03 06:00:00,19,AFVG1,1.9909
2026-05-03 07:00:00,19,AFVG1,2.1631
2026-05-03 08:00:00,19,AFVG1,1.9991
2026-05-03 09:00:00,19,AFVG1,2.3018
2026-05-03 10:00:00,19,AFVG1,2.504
2026-05-03 11:00:00,19,AFVG1,2.5565
2026-05-03 12:00:00,19,AFVG1,2.5442
2026-05-03 13:00:00,19,AFVG1,2.6288
2026-05-03 14:00:00,19,AFVG1,2.8837
2026-05-03 15:00:00,19,AFVG1,2.9029
2026-05-03 16:00:00,19,AFVG1,2.7773
2026-05-03 17:00:00,19,AFVG1,2.8601
2026-05-03 18:00:00,19,AFVG1,2.918
2026-05-03 19:00:00,19,AFVG1,3.0839
2026-05-03 20:00:00,19,AFVG1,2.9804
2026-05-03 21:00:00,19,AFVG1,2.8914
2026-05-03 22:00:00,19,AFVG1,3.2381
2026-05-03 23:00:00,19,AFVG1,3.3591
2026-05-01 00:00:00,20,AFVG1,3.5134
2026-05-01 01:00:00,20,AFVG1,3.6589
2026-05-01 02:00:00,20,AFVG1,3.3061
2026-05-01 03:00:00,20,AFVG1,3.4199
2026-05-01 04:00:00,20,AFVG1,3.2705
2026-05-01 05:00:00,20,AFVG1,3.5068
2026-05-01 06:00:00,20,AFVG1,3.4306
2026-05-01 07:00:00,20,AFVG1,3.344
2026-05-01 08:00:00,20,AFVG1,3.3858
2026-05-01 09:00:00,20,AFVG1,3.2309
2026-05-01 10:00:00,20,AFVG1,3.1351
2026-05-01 11:00:00,20,AFVG1,3.4716
2026-05-01 12:00:00,20,AFVG1,3.297
2026-05-01 13:00:00,20,AFVG1,3.0841
2026-05-01 14:00:00,20,AFVG1,2.8126
2026-05-01 15:00:00,20,AFVG1,2.9399
2026-05-01 16:00:00,20,AFVG1,2.9831
2026-05-01 17:00:00,20,AFVG1,2.8447
2026-05-01 18:00:00,20,AFVG1,2.8906
2026-05-01 19:00:00,20,AFVG1,2.8416
2026-05-01 20:00:00,20,AFVG1,2.5622
2026-05-01 21:00:00,20,AFVG1,2.4214
2026-05-01 22:00:00,20,AFVG1,2.3342
2026-05-01 23:00:00,20,AFVG1,2.2638
2026-05-02 00:00:00,20,AFVG1,2.3801
2026-05-02 01:00:00,20,AFVG1,2.1013
2026-05-02 02:00:00,20,AFVG1,1.8355
2026-05-02 03:00:00,20,AFVG1,2.083
2026-05-02 04:00:00,20,AFVG1,1.9274
2026-05-02 05:00:00,20,AFVG1,1.805
2026-05-02 06:00:00,20,AFVG1,1.5177
2026-05-02 07:00:00,20,AFVG1,1.9297
2026-05-02 08:00:00,20,AFVG1,1.8058
2026-05-02 09:00:00,20,AFVG1,1.4835
2026-05-02 10:00:00,20,AFVG1,1.6353
2026-05-02 11:00:00,20,AFVG1,1.4147
2026-05-02 12:00:00,20,AFVG1,1.3443
2026-05-02 13:00:00,20,AFVG1,1.2113
2026-05-02 14:00:00,20,AFVG1,1.6275
2026-05-02 15:00:00,20,AFVG1,1.6339
2026-05-02 16:00:00,20,AFVG1,1.4537
2026-05-02 17:00:00,20,AFVG1,1.4965
2026-05-02 18:00:00,20,AFVG1,1.7808
2026-05-02 19:00:00,20,AFVG1,1.4232
2026-05-02 20:00:00,20,AFVG1,1.3844
2026-05-02 21:00:00,20,AFVG1,1.6134
2026-05-02 22:00:00,20,AFVG1,1.7151
2026-05-02 23:00:00,20,AFVG1,1.6326
2026-05-03 00:00:00,20,AFVG1,1.5133
2026-05-03 01:00:00,20,AFVG1,1.6677
2026-05-03 02:00:00,20,AFVG1,1.946
2026-05-03 03:00:00,20,AFVG1,2.0155
2026-05-03 04:00:00,20,AFVG1,1.7268
2026-05-03 05:00:00,20,AFVG1,1.8668
2026-05-03 06:00:00,20,AFVG1,1.9784
2026-05-03 07:00:00,20,AFVG1,2.2008
2026-05-03 08:00:00,20,AFVG1,2.6162
2026-05-03 09:00:00,20,AFVG1,2.3243
2026-05-03 10:00:00,20,AFVG1,2.4595
2026-05-03 11:00:00,20,AFVG1,2.4139
2026-05-03 12:00:00,20,AFVG1,3.0043
2026-05-03 13:00:00,20,AFVG1,2.6085
2026-05-03 14:00:00,20,AFVG1,2.7029
2026-05-03 15:00:00,20,AFVG1,2.8821
2026-05-03 16:00:00,20,AFVG1,2.7364
2026-05-03 17:00:00,20,AFVG1,3.1298
2026-05-03 18:00:00,20,AFVG1,3.0772
2026-05-03 19:00:00,20,AFVG1,3.0179
2026-05-03 20:00:00,20,AFVG1,3.1164
2026-05-03 21:00:00,20,AFVG1,2.9782
2026-05-03 22:00:00,20,AFVG1,3.2302
2026-05-03 23:00:00,20,AFVG1,3.0179
2026-05-01 00:00:00,21,AFVG1,3.4274
2026-05-01 01:00:00,21,AFVG1,3.4255
2026-05-01 02:00:00,21,AFVG1,3.4095
2026-05-01 03:00:00,21,AFVG1,3.4015
2026-05-01 04:00:00,21,AFVG1,3.3468
2026-05-01 05:00:00,21,AFVG1,3.6356
2026-05-01 06:00:00,21,AFVG1,3.6373
2026-05-01 07:00:00,21,AFVG1,3.3604
2026-05-01 08:00:00,21,AFVG1,3.5157
2026-05-01 09:00:00,21,AFVG1,3.2506
2026-05-01 10:00:00,21,AFVG1,3.1981
2026-05-01 11:00:00,21,AFVG1,3.0609
2026-05-01 12:00:00,21,AFVG1,3.2269
2026-05-01 13:00:00,21,AFVG1,3.1476
2026-05-01 14:00:00,21,AFVG1,2.7902
2026-05-01 15:00:00,21,AFVG1,2.9332
2026-05-01 16:00:00,21,AFVG1,2.7543
2026-05-01 17:00:00,21,AFVG1,2.6169
2026-05-01 18:00:00,21,AFVG1,2.6669
2026-05-01 19:00:00,21,AFVG1,2.3003
2026-05-01 20:00:00,21,AFVG1,2.4398
2026-05-01 21:00:00,21,AFVG1,2.7051
2026-05-01 22:00:00,21,AFVG1,2.4043
2026-05-01 23:00:00,21,AFVG1,2.087
2026-05-02 00:00:00,21,AFVG1,2.2605
2026-05-02 01:00:00,21,AFVG1,2.1131
2026-05-02 02:00:00,21,AFVG1,1.9768
2026-05-02 03:00:00,21,AFVG1,1.8654
2026-05-02 04:00:00,21,AFVG1,1.8856
2026-05-02 05:00:00,21,AFVG1,1.7331
2026-05-02 06:00:00,21,AFVG1,1.7372
2026-05-02 07:00:00,21,AFVG1,1.8204
2026-05-02 08:00:00,21,AFVG1,1.7836
2026-05-02 09:00:00,21,AFVG1,1.4243
2026-05-02 10:00:00,21,AFVG1,1.5122
2026-05-02 11:00:00,21,AFVG1,1.7936
2026-05-02 12:00:00,21,AFVG1,1.7987
2026-05-02 13:00:00,21,AFVG1,1.5681
2026-05-02 14:00:00,21,AFVG1,1.7443
2026-05-02 15:00:00,21,AFVG1,1.6813
2026-05-02 16:00:00,21,AFVG1,1.4843
2026-05-02 17:00:00,21,AFVG1,1.2157
2026-05-02 18:00:00,21,AFVG1,1.5238
2026-05-02 19:00:00,21,AFVG1,1.3652
2026-05-02 20:00:00,21,AFVG1,1.6091
2026-05-02 21:00:00,21,AFVG1,1.888
2026-05-02 22:00:00,21,AFVG1,1.7069
2026-05-02 23:00:00,21,AFVG1,1.6011
2026-05-03 00:00:00,21,AFVG1,1.5981
2026-05-03 01:00:00,21,AFVG1,1.5388
2026-05-03 02:00:00,21,AFVG1,1.6117
2026-05-03 03:00:00,21,AFVG1,2.2101
2026-05-03 04:00:00,21,AFVG1,2.1667
2026-05-03 05:00:00,21,AFVG1,2.0941
2026-05-03 06:00:00,21,AFVG1,2.169
2026-05-03 07:00:00,21,AFVG1,2.2644
2026-05-03 08:00:00,21,AFVG1,2.3522
2026-05-03 09:00:00,21,AFVG1,2.6457
2026-05-03 10:00:00,21,AFVG1,2.5787
2026-05-03 11:00:00,21,AFVG1,2.3059
2026-05-03 12:00:00,21,AFVG1,2.8448
2026-05-03 13:00:00,21,AFVG1,2.4774
2026-05-03 14:00:00,21,AFVG1,2.7852
2026-05-03 15:00:00,21,AFVG1,2.7151
2026-05-03 16:00:00,21,AFVG1,3.0031
2026-05-03 17:00:00,21,AFVG1,2.8789
2026-05-03 18:00:00,21,AFVG1,2.9274
2026-05-03 19:00:00,21,AFVG1,3.0393
2026-05-03 20:00:00,21,AFVG1,3.3756
2026-05-03 21:00:00,21,AFVG1,3.2778
2026-05-03 22:00:00,21,AFVG1,3.4523
2026-05-03 23:00:00,21,AFVG1,3.5968
2026-05-01 00:00:00,22,AFVG1,3.5353
2026-05-01 01:00:00,22,AFVG1,3.5841
2026-05-01 02:00:00,22,AFVG1,3.3454
2026-05-01 03:00:00,22,AFVG1,3.4634
2026-05-01 04:00:00,22,AFVG1,3.2823
2026-05-01 05:00:00,22,AFVG1,3.5095
2026-05-01 06:00:00,22,AFVG1,3.5279
2026-05-01 07:00:00,22,AFVG1,3.4961
2026-05-01 08:00:00,22,AFVG1,3.3003
2026-05-01 09:00:00,22,AFVG1,3.3866
2026-05-01 10:00:00,22,AFVG1,3.1731
2026-05-01 11:00:00,22,AFVG1,3.0484
2026-05-01 12:00:00,22,AFVG1,3.1413
2026-05-01 13:00:00,22,AFVG1,3.1043
2026-05-01 14:00:00,22,AFVG1,3.2519
2026-05-01 15:00:00,22,AFVG1,2.9538
2026-05-01 16:00:00,22,AFVG1,2.5999
2026-05-01 17:00:00,22,AFVG1,2.5372
2026-05-01 18:00:00,22,AFVG1,2.4062
2026-05-01 19:00:00,22,AFVG1,2.5299
2026-05-01 20:00:00,22,AFVG1,2.27
2026-05-01 21:00:00,22,AFVG1,2.5565
2026-05-01 22:00:00,22,AFVG1,2.2266
2026-05-01 23:00:00,22,AFVG1,2.2864
2026-05-02 00:00:00,22,AFVG1,2.1348
2026-05-02 01:00:00,22,AFVG1,2.0883
2026-05-02 02:00:00,22,AFVG1,1.809
2026-05-02 03:00:00,22,AFVG1,1.8911
2026-05-02 04:00:00,22,AFVG1,1.7677
2026-05-02 05:00:00,22,AFVG1,1.757
2026-05-02 06:00:00,22,AFVG1,1.7364
2026-05-02 07:00:00,22,AFVG1,1.7708
2026-05-02 08:00:00,22,AFVG1,1.5553
2026-05-02 09:00:00,22,AFVG1,1.7114
2026-05-02 10:00:00,22,AFVG1,1.6063
2026-05-02 11:00:00,22,AFVG1,1.7783
2026-05-02 12:00:00,22,AFVG1,1.0179
2026-05-02 13:00:00,22,AFVG1,1.4076
2026-05-02 14:00:00,22,AFVG1,1.6888
2026-05-02 15:00:00,22,AFVG1,1.1248
2026-05-02 16:00:00,22,AFVG1,1.7356
2026-05-02 17:00:00,22,AFVG1,1.542
2026-05-02 18:00:00,22,AFVG1,1.2469
2026-05-02 19:00:00,22,AFVG1,1.6921
2026-05-02 20:00:00,22,AFVG1,1.4618
2026-05-02 21:00:00,22,AFVG1,1.5253
2026-05-02 22:00:00,22,AFVG1,1.9303
2026-05-02 23:00:00,22,AFVG1,1.7064
2026-05-03 00:00:00,22,AFVG1,1.6795
2026-05-03 01:00:00,22,AFVG1,2.1882
2026-05-03 02:00:00,22,AFVG1,2.0943
2026-05-03 03:00:00,22,AFVG1,1.9764
2026-05-03 04:00:00,22,AFVG1,1.9831
2026-05-03 05:00:00,22,AFVG1,2.1487
2026-05-03 06:00:00,22,AFVG1,2.4958
2026-05-03 07:00:00,22,AFVG1,2.1935
2026-05-03 08:00:00,22,AFVG1,2.2325
2026-05-03 09:00:00,22,AFVG1,2.698
2026-05-03 10:00:00,22,AFVG1,2.5477
2026-05-03 11:00:00,22,AFVG1,2.6877
2026-05-03 12:00:00,22,AFVG1,2.8327
2026-05-03 13:00:00,22,AFVG1,2.7751
2026-05-03 14:00:00,22,AFVG1,2.5473
2026-05-03 15:00:00,22,AFVG1,2.9536
2026-05-03 16:00:00,22,AFVG1,3.2426
2026-05-03 17:00:00,22,AFVG1,3.4496
2026-05-03 18:00:00,22,AFVG1,3.1689
2026-05-03 19:00:00,22,AFVG1,3.2404
2026-05-03 20:00:00,22,AFVG1,3.5025
2026-05-03 21:00:00,22,AFVG1,3.4345
2026-05-03 22:00:00,22,AFVG1,3.431
2026-05-03 23:00:00,22,AFVG1,3.1252
2026-05-01 00:00:00,23,AFVG1,3.4368
2026-05-01 01:00:00,23,AFVG1,3.5247
2026-05-01 02:00:00,23,AFVG1,3.2518
2026-05-01 03:00:00,23,AFVG1,3.4036
2026-05-01 04:00:00,23,AFVG1,3.6877
2026-05-01 05:00:00,23,AFVG1,3.3593
2026-05-01 06:00:00,23,AFVG1,3.143
2026-05-01 07:00:00,23,AFVG1,3.0293
2026-05-01 08:00:00,23,AFVG1,3.2594
2026-05-01 09:00:00,23,AFVG1,3.1178
2026-05-01 10:00:00,23,AFVG1,3.0126
2026-05-01 11:00:00,23,AFVG1,3.111
2026-05-01 12:00:00,23,AFVG1,3.0496
2026-05-01 13:00:00,23,AFVG1,2.9596
2026-05-01 14:00:00,23,AFVG1,2.9095
2026-05-01 15:00:00,23,AFVG1,2.5935
2026-05-01 16:00:00,23,AFVG1,2.6009
2026-05-01 17:00:00,23,AFVG1,2.5657
2026-05-01 18:00:00,23,AFVG1,2.5235
2026-05-01 19:00:00,23,AFVG1,2.5967
2026-05-01 20:00:00,23,AFVG1,2.2561
2026-05-01 21:00:00,23,AFVG1,2.1667
2026-05-01 22:00:00,23,AFVG1,2.4259
2026-05-01 23:00:00,23,AFVG1,2.1481
2026-05-02 00:00:00,23,AFVG1,1.8388
2026-05-02 01:00:00,23,AFVG1,1.9292
2026-05-02 02:00:00,23,AFVG1,1.7213
2026-05-02 03:00:00,23,AFVG1,1.6713
2026-05-02 04:00:00,23,AFVG1,1.5813
2026-05-02 05:00:00,23,AFVG1,1.6066
2026-05-02 06:00:00,23,AFVG1,1.985
2026-05-02 07:00:00,23,AFVG1,1.7833
2026-05-02 08:00:00,23,AFVG1,1.8007
2026-05-02 09:00:00,23,AFVG1,1.7246
2026-05-02 10:00:00,23,AFVG1,1.5157
2026-05-02 11:00:00,23,AFVG1,1.5777
2026-05-02 12:00:00,23,AFVG1,1.5207
2026-05-02 13:00:00,23,AFVG1,1.34
2026-05-02 14:00:00,23,AFVG1,1.3277
2026-05-02 15:00:00,23,AFVG1,1.6459
2026-05-02 16:00:00,23,AFVG1,1.3438
2026-05-02 17:00:00,23,AFVG1,1.5791
2026-05-02 18:00:00,23,AFVG1,1.6758
2026-05-02 19:00:00,23,AFVG1,1.7264
2026-05-02 20:00:00,23,AFVG1,1.7104
2026-05-02 21:00:00,23,AFVG1,1.5224
2026-05-02 22:00:00,23,AFVG1,1.8365
2026-05-02 23:00:00,23,AFVG1,1.7929
2026-05-03 00:00:00,23,AFVG1,1.7299
2026-05-03 01:00:00,23,AFVG1,1.6454
2026-05-03 02:00:00,23,AFVG1,2.0825
2026-05-03 03:00:00,23,AFVG1,1.8565
2026-05-03 04:00:00,23,AFVG1,1.9106
2026-05-03 05:00:00,23,AFVG1,2.5085
2026-05-03 06:00:00,23,AFVG1,2.1475
2026-05-03 07:00:00,23,AFVG1,2.3473
2026-05-03 08:00:00,23,AFVG1,2.5043
2026-05-03 09:00:00,23,AFVG1,2.5873
2026-05-03 10:00:00,23,AFVG1,2.5066
2026-05-03 11:00:00,23,AFVG1,2.6348
2026-05-03 12:00:00,23,AFVG1,2.9419
2026-05-03 13:00:00,23,AFVG1,2.8569
2026-05-03 14:00:00,23,AFVG1,2.9702
2026-05-03 15:00:00,23,AFVG1,2.721
2026-05-03 16:00:00,23,AFVG1,3.0272
2026-05-03 17:00:00,23,AFVG1,3.3055
2026-05-03 18:00:00,23,AFVG1,3.1264
2026-05-03 19:00:00,23,AFVG1,3.1469
2026-05-03 20:00:00,23,AFVG1,3.3942
2026-05-03 21:00:00,23,AFVG1,3.4703
2026-05-03 22:00:00,23,AFVG1,3.4669
2026-05-03 23:00:00,23,AFVG1,3.362
2026-05-01 00:00:00,24,AFVG1,3.6065
2026-05-01 01:00:00,24,AFVG1,3.7259
2026-05-01 02:00:00,24,AFVG1,3.6377
2026-05-01 03:00:00,24,AFVG1,3.2017
2026-05-01 04:00:00,24,AFVG1,3.8431
2026-05-01 05:00:00,24,AFVG1,3.166
2026-05-01 06:00:00,24,AFVG1,3.1362
2026-05-01 07:00:00,24,AFVG1,3.3153
2026-05-01 08:00:00,24,AFVG1,3.1997
2026-05-01 09:00:00,24,AFVG1,3.2072
2026-05-01 10:00:00,24,AFVG1,3.2845
2026-05-01 11:00:00,24,AFVG1,3.1579
2026-05-01 12:00:00,24,AFVG1,2.8114
2026-05-01 13:00:00,24,AFVG1,2.8801
2026-05-01 14:00:00,24,AFVG1,2.9424
2026-05-01 15:00:00,24,AFVG1,2.868
2026-05-01 16:00:00,24,AFVG1,2.7966
2026-05-01 17:00:00,24,AFVG1,2.6675
2026-05-01 18:00:00,24,AFVG1,2.5678
2026-05-01 19:00:00,24,AFVG1,2.3015
2026-05-01 20:00:00,24,AFVG1,2.0986
2026-05-01 21:00:00,24,AFVG1,2.2789
2026-05-01 22:00:00,24,AFVG1,2.0687
2026-05-01 23:00:00,24,AFVG1,2.2471
2026-05-02 00:00:00,24,AFVG1,1.8563
2026-05-02 01:00:00,24,AFVG1,1.8604
2026-05-02 02:00:00,24,AFVG1,1.7877
2026-05-02 03:00:00,24,AFVG1,1.9358
2026-05-02 04:00:00,24,AFVG1,1.8473
2026-05-02 05:00:00,24,AFVG1,1.6871
2026-05-02 06:00:00,24,AFVG1,1.6822
2026-05-02 07:00:00,24,AFVG1,1.8414
2026-05-02 08:00:00,24,AFVG1,1.3017
2026-05-02 09:00:00,24,AFVG1,1.6518
2026-05-02 10:00:00,24,AFVG1,1.6817
2026-05-02 11:00:00,24,AFVG1,1.6888
2026-05-02 12:00:00,24,AFVG1,1.6209
2026-05-02 13:00:00,24,AFVG1,1.3852
2026-05-02 14:00:00,24,AFVG1,1.4281
2026-05-02 15:00:00,24,AFVG1,1.6229
2026-05-02 16:00:00,24,AFVG1,1.4565
2026-05-02 17:00:00,24,AFVG1,1.5432
2026-05-02 18:00:00,24,AFVG1,1.3816
2026-05-02 19:00:00,24,AFVG1,1.4691
2026-05-02 20:00:00,24,AFVG1,1.7465
2026-05-02 21:00:00,24,AFVG1,1.6827
2026-05-02 22:00:00,24,AFVG1,1.6902
2026-05-02 23:00:00,24,AFVG1,1.838
2026-05-03 00:00:00,24,AFVG1,1.9779
2026-05-03 01:00:00,24,AFVG1,1.9641
2026-05-03 02:00:00,24,AFVG1,2.1031
2026-05-03 03:00:00,24,AFVG1,2.1674
2026-05-03 04:00:00,24,AFVG1,2.1957
2026-05-03 05:00:00,24,AFVG1,2.3129
2026-05-03 06:00:00,24,AFVG1,2.2639
2026-05-03 07:00:00,24,AFVG1,2.4049
2026-05-03 08:00:00,24,AFVG1,2.2879
2026-05-03 09:00:00,24,AFVG1,2.4713
2026-05-03 10:00:00,24,AFVG1,2.5501
2026-05-03 11:00:00,24,AFVG1,2.7485
2026-05-03 12:00:00,24,AFVG1,3.056
2026-05-03 13:00:00,24,AFVG1,2.9606
2026-05-03 14:00:00,24,AFVG1,3.0567
2026-05-03 15:00:00,24,AFVG1,2.9613
2026-05-03 16:00:00,24,AFVG1,3.21
2026-05-03 17:00:00,24,AFVG1,3.481
2026-05-03 18:00:00,24,AFVG1,3.2683
2026-05-03 19:00:00,24,AFVG1,3.2069
2026-05-03 20:00:00,24,AFVG1,3.1992
2026-05-03 21:00:00,24,AFVG1,3.4509
2026-05-03 22:00:00,24,AFVG1,3.3013
2026-05-03 23:00:00,24,AFVG1,3.5741
2026-05-01 00:00:00,25,AFVG1,3.3321
2026-05-01 01:00:00,25,AFVG1,3.2173
2026-05-01 02:00:00,25,AFVG1,3.5128
2026-05-01 03:00:00,25,AFVG1,3.2152
2026-05-01 04:00:00,25,AFVG1,3.4624
2026-05-01 05:00:00,25,AFVG1,3.4833
2026-05-01 06:00:00,25,AFVG1,3.1892
2026-05-01 07:00:00,25,AFVG1,3.2543
2026-05-01 08:00:00,25,AFVG1,3.3719
2026-05-01 09:00:00,25,AFVG1,3.0287
2026-05-01 10:00:00,25,AFVG1,3.2695
2026-05-01 11:00:00,25,AFVG1,2.908
2026-05-01 12:00:00,25,AFVG1,2.741
2026-05-01 13:00:00,25,AFVG1,2.818
2026-05-01 14:00:00,25,AFVG1,2.7568
2026-05-01 15:00:00,25,AFVG1,2.8113
2026-05-01 16:00:00,25,AFVG1,2.6912
2026-05-01 17:00:00,25,AFVG1,2.5304
2026-05-01 18:00:00,25,AFVG1,2.4902
2026-05-01 19:00:00,25,AFVG1,2.3366
2026-05-01 20:00:00,25,AFVG1,2.3472
2026-05-01 21:00:00,25,AFVG1,2.0714
2026-05-01 22:00:00,25,AFVG1,1.9103
2026-05-01 23:00:00,25,AFVG1,2.03
2026-05-02 00:00:00,25,AFVG1,2.3318
2026-05-02 01:00:00,25,AFVG1,1.9833
2026-05-02 02:00:00,25,AFVG1,1.6952
2026-05-02 03:00:00,25,AFVG1,1.9523
2026-05-02 04:00:00,25,AFVG1,1.4117
2026-05-02 05:00:00,25,AFVG1,1.6075
2026-05-02 06:00:00,25,AFVG1,1.6646
2026-05-02 07:00:00,25,AFVG1,1.47
2026-05-02 08:00:00,25,AFVG1,1.4543
2026-05-02 09:00:00,25,AFVG1,1.497
2026-05-02 10:00:00,25,AFVG1,1.4269
2026-05-02 11:00:00,25,AFVG1,1.3834
2026-05-02 12:00:00,25,AFVG1,1.3381
2026-05-02 13:00:00,25,AFVG1,1.2733
2026-05-02 14:00:00,25,AFVG1,1.3758
2026-05-02 15:00:00,25,AFVG1,1.5258
2026-05-02 16:00:00,25,AFVG1,1.719
2026-05-02 17:00:00,25,AFVG1,1.5019
2026-05-02 18:00:00,25,AFVG1,1.4593
2026-05-02 19:00:00,25,AFVG1,1.9275
2026-05-02 20:00:00,25,AFVG1,1.5664
2026-05-02 21:00:00,25,AFVG1,1.8086
2026-05-02 22:00:00,25,AFVG1,1.7154
2026-05-02 23:00:00,25,AFVG1,1.814
2026-05-03 00:00:00,25,AFVG1,2.0497
2026-05-03 01:00:00,25,AFVG1,2.1343
2026-05-03 02:00:00,25,AFVG1,2.3323
2026-05-03 03:00:00,25,AFVG1,2.3209
2026-05-03 04:00:00,25,AFVG1,2.3246
2026-05-03 05:00:00,25,AFVG1,2.4774
2026-05-03 06:00:00,25,AFVG1,2.3123
2026-05-03 07:00:00,25,AFVG1,2.7317
2026-05-03 08:00:00,25,AFVG1,2.713
2026-05-03 09:00:00,25,AFVG1,2.7886
2026-05-03 10:00:00,25,AFVG1,2.8854
2026-05-03 11:00:00,25,AFVG1,2.6522
2026-05-03 12:00:00,25,AFVG1,2.78
2026-05-03 13:00:00,25,AFVG1,3.0427
2026-05-03 14:00:00,25,AFVG1,3.1137
2026-05-03 15:00:00,25,AFVG1,3.2432
2026-05-03 16:00:00,25,AFVG1,3.2334
2026-05-03 17:00:00,25,AFVG1,3.2453
2026-05-03 18:00:00,25,AFVG1,3.5117
2026-05-03 19:00:00,25,AFVG1,3.4199
2026-05-03 20:00:00,25,AFVG1,3.5179
2026-05-03 21:00:00,25,AFVG1,3.6173
2026-05-03 22:00:00,25,AFVG1,3.6532
2026-05-03 23:00:00,25,AFVG1,3.5302
2026-05-01 00:00:00,26,AFVG1,3.578
2026-05-01 01:00:00,26,AFVG1,3.4851
2026-05-01 02:00:00,26,AFVG1,3.5756
2026-05-01 03:00:00,26,AFVG1,3.7201
2026-05-01 04:00:00,26,AFVG1,3.1783
2026-05-01 05:00:00,26,AFVG1,3.1735
2026-05-01 06:00:00,26,AFVG1,3.4698
2026-05-01 07:00:00,26,AFVG1,3.2009
2026-05-01 08:00:00,26,AFVG1,3.0446
2026-05-01 09:00:00,26,AFVG1,2.9369
2026-05-01 10:00:00,26,AFVG1,3.1097
2026-05-01 11:00:00,26,AFVG1,2.978
2026-05-01 12:00:00,26,AFVG1,3.1172
2026-05-01 13:00:00,26,AFVG1,2.7223
2026-05-01 14:00:00,26,AFVG1,2.7895
2026-05-01 15:00:00,26,AFVG1,2.8196
2026-05-01 16:00:00,26,AFVG1,2.2732
2026-05-01 17:00:00,26,AFVG1,2.2471
2026-05-01 18:00:00,26,AFVG1,2.3633
2026-05-01 19:00:00,26,AFVG1,2.1554
2026-05-01 20:00:00,26,AFVG1,2.0985
2026-05-01 21:00:00,26,AFVG1,1.9854
2026-05-01 22:00:00,26,AFVG1,1.9881
2026-05-01 23:00:00,26,AFVG1,1.8038
2026-05-02 00:00:00,26,AFVG1,1.6805
2026-05-02 01:00:00,26,AFVG1,1.8676
2026-05-02 02:00:00,26,AFVG1,1.7707
2026-05-02 03:00:00,26,AFVG1,1.8462
2026-05-02 04:00:00,26,AFVG1,1.7305
2026-05-02 05:00:00,26,AFVG1,1.6746
2026-05-02 06:00:00,26,AFVG1,1.6889
2026-05-02 07:00:00,26,AFVG1,1.4102
2026-05-02 08:00:00,26,AFVG1,1.4506
2026-05-02 09:00:00,26,AFVG1,1.5513
2026-05-02 10:00:00,26,AFVG1,1.642
2026-05-02 11:00:00,26,AFVG1,1.5973
2026-05-02 12:00:00,26,AFVG1,1.474
2026-05-02 13:00:00,26,AFVG1,1.4902
2026-05-02 14:00:00,26,AFVG1,1.5749
2026-05-02 15:00:00,26,AFVG1,1.3898
2026-05-02 16:00:00,26,AFVG1,1.7229
2026-05-02 17:00:00,26,AFVG1,1.7502
2026-05-02 18:00:00,26,AFVG1,1.8183
2026-05-02 19:00:00,26,AFVG1,1.8784
2026-05-02 20:00:00,26,AFVG1,1.9348
2026-05-02 21:00:00,26,AFVG1,1.5631
2026-05-02 22:00:00,26,AFVG1,1.9448
2026-05-02 23:00:00,26,AFVG1,1.7658
2026-05-03 00:00:00,26,AFVG1,1.9103
2026-05-03 01:00:00,26,AFVG1,2.1093
2026-05-03 02:00:00,26,AFVG1,2.3853
2026-05-03 03:00:00,26,AFVG1,2.3381
2026-05-03 04:00:00,26,AFVG1,2.4052
2026-05-03 05:00:00,26,AFVG1,2.7213
2026-05-03 06:00:00,26,AFVG1,2.573
2026-05-03 07:00:00,26,AFVG1,2.4774
2026-05-03 08:00:00,26,AFVG1,2.493
2026-05-03 09:00:00,26,AFVG1,2.652
2026-05-03 10:00:00,26,AFVG1,2.8785
2026-05-03 11:00:00,26,AFVG1,2.707
2026-05-03 12:00:00,26,AFVG1,3.0771
2026-05-03 13:00:00,26,AFVG1,3.1275
2026-05-03 14:00:00,26,AFVG1,3.0389
2026-05-03 15:00:00,26,AFVG1,3.2237
2026-05-03 16:00:00,26,AFVG1,3.3419
2026-05-03 17:00:00,26,AFVG1,3.2206
2026-05-03 18:00:00,26,AFVG1,3.4707
2026-05-03 19:00:00,26,AFVG1,3.2927
2026-05-03 20:00:00,26,AFVG1,3.5214
2026-05-03 21:00:00,26,AFVG1,3.6786
2026-05-03 22:00:00,26,AFVG1,3.5282
2026-05-03 23:00:00,26,AFVG1,3.3021
2026-05-01 00:00:00,27,AFVG1,3.4628
2026-05-01 01:00:00,27,AFVG1,3.4322
2026-05-01 02:00:00,27,AFVG1,3.2551
2026-05-01 03:00:00,27,AFVG1,3.1534
2026-05-01 04:00:00,27,AFVG1,3.2373
2026-05-01 05:00:00,27,AFVG1,3.3715
2026-05-01 06:00:00,27,AFVG1,3.3055
2026-05-01 07:00:00,27,AFVG1,3.2996
2026-05-01 08:00:00,27,AFVG1,3.0454
2026-05-01 09:00:00,27,AFVG1,3.2755
2026-05-01 10:00:00,27,AFVG1,2.7792
2026-05-01 11:00:00,27,AFVG1,2.8948
2026-05-01 12:00:00,27,AFVG1,2.7127
2026-05-01 13:00:00,27,AFVG1,2.8912
2026-05-01 14:00:00,27,AFVG1,2.5897
2026-05-01 15:00:00,27,AFVG1,2.3468
2026-05-01 16:00:00,27,AFVG1,2.4546
2026-05-01 17:00:00,27,AFVG1,2.1674
2026-05-01 18:00:00,27,AFVG1,2.1233
2026-05-01 19:00:00,27,AFVG1,2.3133
2026-05-01 20:00:00,27,AFVG1,2.0937
2026-05-01 21:00:00,27,AFVG1,2.1503
2026-05-01 22:00:00,27,AFVG1,1.8195
2026-05-01 23:00:00,27,AFVG1,2.0774
2026-05-02 00:00:00,27,AFVG1,1.7932
2026-05-02 01:00:00,27,AFVG1,1.4673
2026-05-02 02:00:00,27,AFVG1,1.573
2026-05-02 03:00:00,27,AFVG1,1.4498
2026-05-02 04:00:00,27,AFVG1,1.3977
2026-05-02 05:00:00,27,AFVG1,1.6578
2026-05-02 06:00:00,27,AFVG1,1.6064
2026-05-02 07:00:00,27,AFVG1,1.6171
2026-05-02 08:00:00,27,AFVG1,1.4015
2026-05-02 09:00:00,27,AFVG1,1.5824
2026-05-02 10:00:00,27,AFVG1,1.2798
2026-05-02 11:00:00,27,AFVG1,1.432
2026-05-02 12:00:00,27,AFVG1,1.4919
2026-05-02 13:00:00,27,AFVG1,1.4483
2026-05-02 14:00:00,27,AFVG1,1.5737
2026-05-02 15:00:00,27,AFVG1,1.5866
2026-05-02 16:00:00,27,AFVG1,1.6984
2026-05-02 17:00:00,27,AFVG1,1.717
2026-05-02 18:00:00,27,AFVG1,1.8642
2026-05-02 19:00:00,27,AFVG1,1.7038
2026-05-02 20:00:00,27,AFVG1,1.9335
2026-05-02 21:00:00,27,AFVG1,1.9419
2026-05-02 22:00:00,27,AFVG1,2.0054
2026-05-02 23:00:00,27,AFVG1,2.0614
2026-05-03 00:00:00,27,AFVG1,1.7934
2026-05-03 01:00:00,27,AFVG1,2.4827
2026-05-03 02:00:00,27,AFVG1,2.1381
2026-05-03 03:00:00,27,AFVG1,2.2378
2026-05-03 04:00:00,27,AFVG1,2.3918
2026-05-03 05:00:00,27,AFVG1,2.327
2026-05-03 06:00:00,27,AFVG1,2.8685
2026-05-03 07:00:00,27,AFVG1,2.596
2026-05-03 08:00:00,27,AFVG1,2.6675
2026-05-03 09:00:00,27,AFVG1,2.7248
2026-05-03 10:00:00,27,AFVG1,2.9916
2026-05-03 11:00:00,27,AFVG1,3.2093
2026-05-03 12:00:00,27,AFVG1,3.1112
2026-05-03 13:00:00,27,AFVG1,3.0205
2026-05-03 14:00:00,27,AFVG1,3.397
2026-05-03 15:00:00,27,AFVG1,3.2983
2026-05-03 16:00:00,27,AFVG1,3.1993
2026-05-03 17:00:00,27,AFVG1,3.3431
2026-05-03 18:00:00,27,AFVG1,3.414
2026-05-03 19:00:00,27,AFVG1,3.464
2026-05-03 20:00:00,27,AFVG1,3.4564
2026-05-03 21:00:00,27,AFVG1,3.4808
2026-05-03 22:00:00,27,AFVG1,3.7709
2026-05-03 23:00:00,27,AFVG1,3.9239
2026-05-01 00:00:00,28,AFVG1,3.4512
2026-05-01 01:00:00,28,AFVG1,3.2528
2026-05-01 02:00:00,28,AFVG1,3.1919
2026-05-01 03:00:00,28,AFVG1,3.4245
2026-05-01 04:00:00,28,AFVG1,3.0065
2026-05-01 05:00:00,28,AFVG1,3.1652
2026-05-01 06:00:00,28,AFVG1,3.1893
2026-05-01 07:00:00,28,AFVG1,3.0905
2026-05-01 08:00:00,28,AFVG1,2.9318
2026-05-01 09:00:00,28,AFVG1,3.194
2026-05-01 10:00:00,28,AFVG1,2.9607
2026-05-01 11:00:00,28,AFVG1,2.6912
2026-05-01 12:00:00,28,AFVG1,2.7981
2026-05-01 13:00:00,28,AFVG1,2.5705
2026-05-01 14:00:00,28,AFVG1,2.4375
2026-05-01 15:00:00,28,AFVG1,2.3705
2026-05-01 16:00:00,28,AFVG1,2.5262
2026-05-01 17:00:00,28,AFVG1,2.1832
2026-05-01 18:00:00,28,AFVG1,2.1762
2026-05-01 19:00:00,28,AFVG1,2.262
2026-05-01 20:00:00,28,AFVG1,2.0793
2026-05-01 21:00:00,28,AFVG1,1.9978
2026-05-01 22:00:00,28,AFVG1,1.7936
2026-05-01 23:00:00,28,AFVG1,2.179
2026-05-02 00:00:00,28,AFVG1,1.8927
2026-05-02 01:00:00,28,AFVG1,1.3603
2026-05-02 02:00:00,28,AFVG1,1.8623
2026-05-02 03:00:00,28,AFVG1,1.4307
2026-05-02 04:00:00,28,AFVG1,1.3807
2026-05-02 05:00:00,28,AFVG1,1.4511
2026-05-02 06:00:00,28,AFVG1,1.7204
2026-05-02 07:00:00,28,AFVG1,1.4734
2026-05-02 08:00:00,28,AFVG1,1.5353
2026-05-02 09:00:00,28,AFVG1,1.2495
2026-05-02 10:00:00,28,AFVG1,1.6646
2026-05-02 11:00:00,28,AFVG1,1.4734
2026-05-02 12:00:00,28,AFVG1,1.3371
2026-05-02 13:00:00,28,AFVG1,1.603
2026-05-02 14:00:00,28,AFVG1,1.6581
2026-05-02 15:00:00,28,AFVG1,1.634
2026-05-02 16:00:00,28,AFVG1,1.8578
2026-05-02 17:00:00,28,AFVG1,1.8002
2026-05-02 18:00:00,28,AFVG1,1.992
2026-05-02 19:00:00,28,AFVG1,1.8176
2026-05-02 20:00:00,28,AFVG1,1.9061
2026-05-02 21:00:00,28,AFVG1,2.0873
2026-05-02 22:00:00,28,AFVG1,2.2033
2026-05-02 23:00:00,28,AFVG1,2.0546
2026-05-03 00:00:00,28,AFVG1,2.4653
2026-05-03 01:00:00,28,AFVG1,2.2797
2026-05-03 02:00:00,28,AFVG1,2.3448
2026-05-03 03:00:00,28,AFVG1,2.4932
2026-05-03 04:00:00,28,AFVG1,2.3818
2026-05-03 05:00:00,28,AFVG1,2.3464
2026-05-03 06:00:00,28,AFVG1,2.9843
2026-05-03 07:00:00,28,AFVG1,2.9169
2026-05-03 08:00:00,28,AFVG1,2.6982
2026-05-03 09:00:00,28,AFVG1,2.9345
2026-05-03 10:00:00,28,AFVG1,3.0818
2026-05-03 11:00:00,28,AFVG1,2.9861
2026-05-03 12:00:00,28,AFVG1,3.3413
2026-05-03 13:00:00,28,AFVG1,3.1149
2026-05-03 14:00:00,28,AFVG1,3.3958
2026-05-03 15:00:00,28,AFVG1,3.2051
2026-05-03 16:00:00,28,AFVG1,3.423
2026-05-03 17:00:00,28,AFVG1,3.6207
2026-05-03 18:00:00,28,AFVG1,3.4946
2026-05-03 19:00:00,28,AFVG1,3.3789
2026-05-03 20:00:00,28,AFVG1,3.5075
2026-05-03 21:00:00,28,AFVG1,3.5984
2026-05-03 22:00:00,28,AFVG1,3.434
2026-05-03 23:00:00,28,AFVG1,3.4405
2026-05-01 00:00:00,29,AFVG1,3.6607
2026-05-01 01:00:00,29,AFVG1,3.5659
2026-05-01 02:00:00,29,AFVG1,3.211
2026-05-01 03:00:00,29,AFVG1,3.0611
2026-05-01 04:00:00,29,AFVG1,3.0095
2026-05-01 05:00:00,29,AFVG1,2.9731
2026-05-01 06:00:00,29,AFVG1,3.0316
2026-05-01 07:00:00,29,AFVG1,2.9927
2026-05-01 08:00:00,29,AFVG1,2.7228
2026-05-01 09:00:00,29,AFVG1,2.877
2026-05-01 10:00:00,29,AFVG1,2.3392
2026-05-01 11:00:00,29,AFVG1,2.7147
2026-05-01 12:00:00,29,AFVG1,2.8525
2026-05-01 13:00:00,29,AFVG1,2.346
2026-05-01 14:00:00,29,AFVG1,2.013
2026-05-01 15:00:00,29,AFVG1,2.387
2026-05-01 16:00:00,29,AFVG1,2.3852
2026-05-01 17:00:00,29,AFVG1,2.1384
2026-05-01 18:00:00,29,AFVG1,2.1556
2026-05-01 19:00:00,29,AFVG1,2.2392
2026-05-01 20:00:00,29,AFVG1,2.2264
2026-05-01 21:00:00,29,AFVG1,1.9938
2026-05-01 22:00:00,29,AFVG1,1.6539
2026-05-01 23:00:00,29,AFVG1,1.8045
2026-05-02 00:00:00,29,AFVG1,1.5739
2026-05-02 01:00:00,29,AFVG1,1.6718
2026-05-02 02:00:00,29,AFVG1,1.5939
2026-05-02 03:00:00,29,AFVG1,1.5064
2026-05-02 04:00:00,29,AFVG1,1.79
2026-05-02 05:00:00,29,AFVG1,1.5009
2026-05-02 06:00:00,29,AFVG1,1.2944
2026-05-02 07:00:00,29,AFVG1,1.5618
2026-05-02 08:00:00,29,AFVG1,1.603
2026-05-02 09:00:00,29,AFVG1,1.5099
2026-05-02 10:00:00,29,AFVG1,1.3951
2026-05-02 11:00:00,29,AFVG1,1.4625
2026-05-02 12:00:00,29,AFVG1,1.4617
2026-05-02 13:00:00,29,AFVG1,1.5036
2026-05-02 14:00:00,29,AFVG1,1.5097
2026-05-02 15:00:00,29,AFVG1,1.6237
2026-05-02 16:00:00,29,AFVG1,1.5011
2026-05-02 17:00:00,29,AFVG1,1.7947
2026-05-02 18:00:00,29,AFVG1,1.6987
2026-05-02 19:00:00,29,AFVG1,2.0107
2026-05-02 20:00:00,29,AFVG1,2.0037
2026-05-02 21:00:00,29,AFVG1,2.2436
2026-05-02 22:00:00,29,AFVG1,1.8877
2026-05-02 23:00:00,29,AFVG1,2.3815
2026-05-03 00:00:00,29,AFVG1,2.232
2026-05-03 01:00:00,29,AFVG1,2.4238
2026-05-03 02:00:00,29,AFVG1,2.5471
2026-05-03 03:00:00,29,AFVG1,2.641
2026-05-03 04:00:00,29,AFVG1,2.5893
2026-05-03 05:00:00,29,AFVG1,2.7309
2026-05-03 06:00:00,29,AFVG1,2.7306
2026-05-03 07:00:00,29,AFVG1,2.9333
2026-05-03 08:00:00,29,AFVG1,2.768
2026-05-03 09:00:00,29,AFVG1,3.0373
2026-05-03 10:00:00,29,AFVG1,3.2791
2026-05-03 11:00:00,29,AFVG1,3.4168
2026-05-03 12:00:00,29,AFVG1,3.3395
2026-05-03 13:00:00,29,AFVG1,3.4572
2026-05-03 14:00:00,29,AFVG1,3.3702
2026-05-03 15:00:00,29,AFVG1,3.4978
2026-05-03 16:00:00,29,AFVG1,3.6738
2026-05-03 17:00:00,29,AFVG1,3.41
2026-05-03 18:00:00,29,AFVG1,3.2098
2026-05-03 19:00:00,29,AFVG1,3.4456
2026-05-03 20:00:00,29,AFVG1,3.5155
2026-05-03 21:00:00,29,AFVG1,3.3737
2026-05-03 22:00:00,29,AFVG1,3.3203
2026-05-03 23:00:00,29,AFVG1,3.4218
2026-05-01 00:00:00,30,AFVG1,3.1787
2026-05-01 01:00:00,30,AFVG1,3.4551
2026-05-01 02:00:00,30,AFVG1,3.5232
2026-05-01 03:00:00,30,AFVG1,3.3128
2026-05-01 04:00:00,30,AFVG1,2.9413
2026-05-01 05:00:00,30,AFVG1,3.1161
2026-05-01 06:00:00,30,AFVG1,2.8868
2026-05-01 07:00:00,30,AFVG1,2.9843
2026-05-01 08:00:00,30,AFVG1,2.7427
2026-05-01 09:00:00,30,AFVG1,2.9349
2026-05-01 10:00:00,30,AFVG1,2.8121
2026-05-01 11:00:00,30,AFVG1,2.5765
2026-05-01 12:00:00,30,AFVG1,2.6173
2026-05-01 13:00:00,30,AFVG1,2.4678
2026-05-01 14:00:00,30,AFVG1,2.6344
2026-05-01 15:00:00,30,AFVG1,2.0079
2026-05-01 16:00:00,30,AFVG1,2.2743
2026-05-01 17:00:00,30,AFVG1,2.3201
2026-05-01 18:00:00,30,AFVG1,2.0025
2026-05-01 19:00:00,30,AFVG1,1.9095
2026-05-01 20:00:00,30,AFVG1,1.9414
2026-05-01 21:00:00,30,AFVG1,1.7114
2026-05-01 22:00:00,30,AFVG1,1.7079
2026-05-01 23:00:00,30,AFVG1,1.5788
2026-05-02 00:00:00,30,AFVG1,1.6551
2026-05-02 01:00:00,30,AFVG1,1.3229
2026-05-02 02:00:00,30,AFVG1,1.5073
2026-05-02 03:00:00,30,AFVG1,1.6487
2026-05-02 04:00:00,30,AFVG1,1.4819
2026-05-02 05:00:00,30,AFVG1,1.4573
2026-05-02 06:00:00,30,AFVG1,1.6412
2026-05-02 07:00:00,30,AFVG1,1.7371
2026-05-02 08:00:00,30,AFVG1,1.3909
2026-05-02 09:00:00,30,AFVG1,1.6902
2026-05-02 10:00:00,30,AFVG1,1.2617
2026-05-02 11:00:00,30,AFVG1,1.4191
2026-05-02 12:00:00,30,AFVG1,1.6546
2026-05-02 13:00:00,30,AFVG1,1.6475
2026-05-02 14:00:00,30,AFVG1,1.6676
2026-05-02 15:00:00,30,AFVG1,1.8262
2026-05-02 16:00:00,30,AFVG1,1.7184
2026-05-02 17:00:00,30,AFVG1,1.9207
2026-05-02 18:00:00,30,AFVG1,1.7954
2026-05-02 19:00:00,30,AFVG1,1.8414
2026-05-02 20:00:00,30,AFVG1,1.7249
2026-05-02 21:00:00,30,AFVG1,2.1817
2026-05-02 22:00:00,30,AFVG1,2.0271
2026-05-02 23:00:00,30,AFVG1,2.3878
2026-05-03 00:00:00,30,AFVG1,2.4693
2026-05-03 01:00:00,30,AFVG1,2.367
2026-05-03 02:00:00,30,AFVG1,2.4966
2026-05-03 03:00:00,30,AFVG1,2.5964
2026-05-03 04:00:00,30,AFVG1,2.6188
2026-05-03 05:00:00,30,AFVG1,2.5126
2026-05-03 06:00:00,30,AFVG1,3.0284
2026-05-03 07:00:00,30,AFVG1,2.8044
2026-05-03 08:00:00,30,AFVG1,3.0443
2026-05-03 09:00:00,30,AFVG1,3.0807
2026-05-03 10:00:00,30,AFVG1,3.1488
2026-05-03 11:00:00,30,AFVG1,3.2023
2026-05-03 12:00:00,30,AFVG1,3.3658
2026-05-03 13:00:00,30,AFVG1,3.1528
2026-05-03 14:00:00,30,AFVG1,3.4812
2026-05-03 15:00:00,30,AFVG1,3.4005
2026-05-03 16:00:00,30,AFVG1,3.4187
2026-05-03 17:00:00,30,AFVG1,3.3814
2026-05-03 18:00:00,30,AFVG1,3.4611
2026-05-03 19:00:00,30,AFVG1,3.5723
2026-05-03 20:00:00,30,AFVG1,3.3204
2026-05-03 21:00:00,30,AFVG1,3.2419
2026-05-03 22:00:00,30,AFVG1,3.4556
2026-05-03 23:00:00,30,AFVG1,3.5921
2026-05-01 00:00:00,1,AFVG13,3.0251
2026-05-01 01:00:00,1,AFVG13,3.3584
2026-05-01 02:00:00,1,AFVG13,3.4289
2026-05-01 03:00:00,1,AFVG13,3.5249
2026-05-01 04:00:00,1,AFVG13,3.6103
2026-05-01 05:00:00,1,AFVG13,3.5072
2026-05-01 06:00:00,1,AFVG13,3.6247
2026-05-01 07:00:00,1,AFVG13,3.5055
2026-05-01 08:00:00,1,AFVG13,3.269
2026-05-01 09:00:00,1,AFVG13,3.792
2026-05-01 10:00:00,1,AFVG13,3.6696
2026-05-01 11:00:00,1,AFVG13,3.804
2026-05-01 12:00:00,1,AFVG13,3.5044
2026-05-01 13:00:00,1,AFVG13,4.0488
2026-05-01 14:00:00,1,AFVG13,3.9144
2026-05-01 15:00:00,1,AFVG13,3.8801
2026-05-01 16:00:00,1,AFVG13,3.8128
2026-05-01 17:00:00,1,AFVG13,3.8746
2026-05-01 18:00:00,1,AFVG13,3.873
2026-05-01 19:00:00,1,AFVG13,3.8509
2026-05-01 20:00:00,1,AFVG13,3.7743
2026-05-01 21:00:00,1,AFVG13,3.9376
2026-05-01 22:00:00,1,AFVG13,3.8945
2026-05-01 23:00:00,1,AFVG13,4.0437
2026-05-02 00:00:00,1,AFVG13,3.6152
2026-05-02 01:00:00,1,AFVG13,3.7682
2026-05-02 02:00:00,1,AFVG13,3.6527
2026-05-02 03:00:00,1,AFVG13,3.7834
2026-05-02 04:00:00,1,AFVG13,3.6651
2026-05-02 05:00:00,1,AFVG13,3.7365
2026-05-02 06:00:00,1,AFVG13,3.8167
2026-05-02 07:00:00,1,AFVG13,3.4692
2026-05-02 08:00:00,1,AFVG13,3.4735
2026-05-02 09:00:00,1,AFVG13,3.2036
2026-05-02 10:00:00,1,AFVG13,3.217
2026-05-02 11:00:00,1,AFVG13,3.158
2026-05-02 12:00:00,1,AFVG13,3.3924
2026-05-02 13:00:00,1,AFVG13,2.8173
2026-05-02 14:00:00,1,AFVG13,2.885
2026-05-02 15:00:00,1,AFVG13,2.8255
2026-05-02 16:00:00,1,AFVG13,2.6281
2026-05-02 17:00:00,1,AFVG13,2.7146
2026-05-02 18:00:00,1,AFVG13,2.5867
2026-05-02 19:00:00,1,AFVG13,2.5282
2026-05-02 20:00:00,1,AFVG13,2.3311
2026-05-02 21:00:00,1,AFVG13,2.4826
2026-05-02 22:00:00,1,AFVG13,2.1703
2026-05-02 23:00:00,1,AFVG13,2.1962
2026-05-03 00:00:00,1,AFVG13,2.3264
2026-05-03 01:00:00,1,AFVG13,2.3619
2026-05-03 02:00:00,1,AFVG13,1.9985
2026-05-03 03:00:00,1,AFVG13,2.1694
2026-05-03 04:00:00,1,AFVG13,2.0346
2026-05-03 05:00:00,1,AFVG13,2.182
2026-05-03 06:00:00,1,AFVG13,2.0268
2026-05-03 07:00:00,1,AFVG13,2.2563
2026-05-03 08:00:00,1,AFVG13,2.2302
2026-05-03 09:00:00,1,AFVG13,1.8598
2026-05-03 10:00:00,1,AFVG13,1.9692
2026-05-03 11:00:00,1,AFVG13,1.9248
2026-05-03 12:00:00,1,AFVG13,2.0511
2026-05-03 13:00:00,1,AFVG13,1.8231
2026-05-03 14:00:00,1,AFVG13,1.8833
2026-05-03 15:00:00,1,AFVG13,2.332
2026-05-03 16:00:00,1,AFVG13,2.2805
2026-05-03 17:00:00,1,AFVG13,2.3981
2026-05-03 18:00:00,1,AFVG13,2.2101
2026-05-03 19:00:00,1,AFVG13,2.2533
2026-05-03 20:00:00,1,AFVG13,2.4512
2026-05-03 21:00:00,1,AFVG13,2.7606
2026-05-03 22:00:00,1,AFVG13,2.6405
2026-05-03 23:00:00,1,AFVG13,2.7353
2026-05-01 00:00:00,2,AFVG13,3.3162
2026-05-01 01:00:00,2,AFVG13,3.2784
2026-05-01 02:00:00,2,AFVG13,3.3292
2026-05-01 03:00:00,2,AFVG13,3.4443
2026-05-01 04:00:00,2,AFVG13,3.4273
2026-05-01 05:00:00,2,AFVG13,3.7644
2026-05-01 06:00:00,2,AFVG13,3.5815
2026-05-01 07:00:00,2,AFVG13,3.5538
2026-05-01 08:00:00,2,AFVG13,3.8242
2026-05-01 09:00:00,2,AFVG13,3.9191
2026-05-01 10:00:00,2,AFVG13,3.756
2026-05-01 11:00:00,2,AFVG13,3.9793
2026-05-01 12:00:00,2,AFVG13,4.0701
2026-05-01 13:00:00,2,AFVG13,3.4375
2026-05-01 14:00:00,2,AFVG13,3.7066
2026-05-01 15:00:00,2,AFVG13,4.0438
2026-05-01 16:00:00,2,AFVG13,3.8557
2026-05-01 17:00:00,2,AFVG13,4.2529
2026-05-01 18:00:00,2,AFVG13,4.0462
2026-05-01 19:00:00,2,AFVG13,3.9731
2026-05-01 20:00:00,2,AFVG13,3.9816
2026-05-01 21:00:00,2,AFVG13,3.8925
2026-05-01 22:00:00,2,AFVG13,3.8238
2026-05-01 23:00:00,2,AFVG13,3.9025
2026-05-02 00:00:00,2,AFVG13,3.9928
2026-05-02 01:00:00,2,AFVG13,3.5625
2026-05-02 02:00:00,2,AFVG13,3.7774
2026-05-02 03:00:00,2,AFVG13,3.6154
2026-05-02 04:00:00,2,AFVG13,3.6325
2026-05-02 05:00:00,2,AFVG13,3.4394
2026-05-02 06:00:00,2,AFVG13,3.5024
2026-05-02 07:00:00,2,AFVG13,3.2453
2026-05-02 08:00:00,2,AFVG13,3.3257
2026-05-02 09:00:00,2,AFVG13,3.2099
2026-05-02 10:00:00,2,AFVG13,2.9177
2026-05-02 11:00:00,2,AFVG13,3.1476
2026-05-02 12:00:00,2,AFVG13,2.5798
2026-05-02 13:00:00,2,AFVG13,2.862
2026-05-02 14:00:00,2,AFVG13,2.6121
2026-05-02 15:00:00,2,AFVG13,2.7927
2026-05-02 16:00:00,2,AFVG13,2.6239
2026-05-02 17:00:00,2,AFVG13,2.7193
2026-05-02 18:00:00,2,AFVG13,2.4917
2026-05-02 19:00:00,2,AFVG13,2.4186
2026-05-02 20:00:00,2,AFVG13,2.551
2026-05-02 21:00:00,2,AFVG13,2.2498
2026-05-02 22:00:00,2,AFVG13,2.2564
2026-05-02 23:00:00,2,AFVG13,2.4213
2026-05-03 00:00:00,2,AFVG13,2.2587
2026-05-03 01:00:00,2,AFVG13,2.4147
2026-05-03 02:00:00,2,AFVG13,2.15
2026-05-03 03:00:00,2,AFVG13,1.9721
2026-05-03 04:00:00,2,AFVG13,2.1895
2026-05-03 05:00:00,2,AFVG13,2.1505
2026-05-03 06:00:00,2,AFVG13,1.9617
2026-05-03 07:00:00,2,AFVG13,2.0811
2026-05-03 08:00:00,2,AFVG13,1.9921
2026-05-03 09:00:00,2,AFVG13,2.0904
2026-05-03 10:00:00,2,AFVG13,2.0387
2026-05-03 11:00:00,2,AFVG13,2.0392
2026-05-03 12:00:00,2,AFVG13,2.3434
2026-05-03 13:00:00,2,AFVG13,2.1962
2026-05-03 14:00:00,2,AFVG13,1.9719
2026-05-03 15:00:00,2,AFVG13,2.2522
2026-05-03 16:00:00,2,AFVG13,2.2309
2026-05-03 17:00:00,2,AFVG13,2.3827
2026-05-03 18:00:00,2,AFVG13,2.4362
2026-05-03 19:00:00,2,AFVG13,2.5239
2026-05-03 20:00:00,2,AFVG13,2.2866
2026-05-03 21:00:00,2,AFVG13,2.3817
2026-05-03 22:00:00,2,AFVG13,2.9052
2026-05-03 23:00:00,2,AFVG13,2.7714
2026-05-01 00:00:00,3,AFVG13,3.4092
2026-05-01 01:00:00,3,AFVG13,3.3683
2026-05-01 02:00:00,3,AFVG13,3.2879
2026-05-01 03:00:00,3,AFVG13,3.1907
2026-05-01 04:00:00,3,AFVG13,3.5938
2026-05-01 05:00:00,3,AFVG13,3.664
2026-05-01 06:00:00,3,AFVG13,3.9145
2026-05-01 07:00:00,3,AFVG13,3.6823
2026-05-01 08:00:00,3,AFVG13,3.78
2026-05-01 09:00:00,3,AFVG13,3.548
2026-05-01 10:00:00,3,AFVG13,3.7731
2026-05-01 11:00:00,3,AFVG13,3.9399
2026-05-01 12:00:00,3,AFVG13,3.883
2026-05-01 13:00:00,3,AFVG13,3.8307
2026-05-01 14:00:00,3,AFVG13,4.1939
2026-05-01 15:00:00,3,AFVG13,4.2343
2026-05-01 16:00:00,3,AFVG13,3.8394
2026-05-01 17:00:00,3,AFVG13,4.0133
2026-05-01 18:00:00,3,AFVG13,3.9261
2026-05-01 19:00:00,3,AFVG13,4.1981
2026-05-01 20:00:00,3,AFVG13,3.9892
2026-05-01 21:00:00,3,AFVG13,4.0148
2026-05-01 22:00:00,3,AFVG13,3.7502
2026-05-01 23:00:00,3,AFVG13,4.0486
2026-05-02 00:00:00,3,AFVG13,3.7577
2026-05-02 01:00:00,3,AFVG13,4.0296
2026-05-02 02:00:00,3,AFVG13,3.8564
2026-05-02 03:00:00,3,AFVG13,3.5324
2026-05-02 04:00:00,3,AFVG13,3.6422
2026-05-02 05:00:00,3,AFVG13,3.529
2026-05-02 06:00:00,3,AFVG13,3.3851
2026-05-02 07:00:00,3,AFVG13,3.4537
2026-05-02 08:00:00,3,AFVG13,3.258
2026-05-02 09:00:00,3,AFVG13,3.1848
2026-05-02 10:00:00,3,AFVG13,3.0034
2026-05-02 11:00:00,3,AFVG13,2.9033
2026-05-02 12:00:00,3,AFVG13,2.9431
2026-05-02 13:00:00,3,AFVG13,2.8756
2026-05-02 14:00:00,3,AFVG13,2.9285
2026-05-02 15:00:00,3,AFVG13,2.4838
2026-05-02 16:00:00,3,AFVG13,2.6259
2026-05-02 17:00:00,3,AFVG13,2.7728
2026-05-02 18:00:00,3,AFVG13,2.36
2026-05-02 19:00:00,3,AFVG13,2.2369
2026-05-02 20:00:00,3,AFVG13,2.1904
2026-05-02 21:00:00,3,AFVG13,2.3887
2026-05-02 22:00:00,3,AFVG13,2.0257
2026-05-02 23:00:00,3,AFVG13,2.1696
2026-05-03 00:00:00,3,AFVG13,2.0232
2026-05-03 01:00:00,3,AFVG13,2.0002
2026-05-03 02:00:00,3,AFVG13,2.0099
2026-05-03 03:00:00,3,AFVG13,1.9755
2026-05-03 04:00:00,3,AFVG13,1.9591
2026-05-03 05:00:00,3,AFVG13,1.9956
2026-05-03 06:00:00,3,AFVG13,2.0403
2026-05-03 07:00:00,3,AFVG13,1.9352
2026-05-03 08:00:00,3,AFVG13,2.0841
2026-05-03 09:00:00,3,AFVG13,1.9586
2026-05-03 10:00:00,3,AFVG13,1.9862
2026-05-03 11:00:00,3,AFVG13,2.0909
2026-05-03 12:00:00,3,AFVG13,1.8638
2026-05-03 13:00:00,3,AFVG13,2.0409
2026-05-03 14:00:00,3,AFVG13,2.1124
2026-05-03 15:00:00,3,AFVG13,2.1133
2026-05-03 16:00:00,3,AFVG13,2.2911
2026-05-03 17:00:00,3,AFVG13,2.2797
2026-05-03 18:00:00,3,AFVG13,2.321
2026-05-03 19:00:00,3,AFVG13,2.6819
2026-05-03 20:00:00,3,AFVG13,2.917
2026-05-03 21:00:00,3,AFVG13,2.8315
2026-05-03 22:00:00,3,AFVG13,2.8072
2026-05-03 23:00:00,3,AFVG13,3.0127
2026-05-01 00:00:00,4,AFVG13,3.3235
2026-05-01 01:00:00,4,AFVG13,3.3163
2026-05-01 02:00:00,4,AFVG13,3.4487
2026-05-01 03:00:00,4,AFVG13,3.4552
2026-05-01 04:00:00,4,AFVG13,3.2449
2026-05-01 05:00:00,4,AFVG13,3.5155
2026-05-01 06:00:00,4,AFVG13,3.5789
2026-05-01 07:00:00,4,AFVG13,3.8326
2026-05-01 08:00:00,4,AFVG13,3.7393
2026-05-01 09:00:00,4,AFVG13,3.5873
2026-05-01 10:00:00,4,AFVG13,3.8929
2026-05-01 11:00:00,4,AFVG13,3.9738
2026-05-01 12:00:00,4,AFVG13,4.0734
2026-05-01 13:00:00,4,AFVG13,4.0332
2026-05-01 14:00:00,4,AFVG13,4.3509
2026-05-01 15:00:00,4,AFVG13,3.8691
2026-05-01 16:00:00,4,AFVG13,4.1967
2026-05-01 17:00:00,4,AFVG13,4.1302
2026-05-01 18:00:00,4,AFVG13,3.8829
2026-05-01 19:00:00,4,AFVG13,3.9383
2026-05-01 20:00:00,4,AFVG13,3.8183
2026-05-01 21:00:00,4,AFVG13,3.8778
2026-05-01 22:00:00,4,AFVG13,3.7899
2026-05-01 23:00:00,4,AFVG13,3.7437
2026-05-02 00:00:00,4,AFVG13,3.7581
2026-05-02 01:00:00,4,AFVG13,3.5467
2026-05-02 02:00:00,4,AFVG13,3.809
2026-05-02 03:00:00,4,AFVG13,3.7059
2026-05-02 04:00:00,4,AFVG13,3.3997
2026-05-02 05:00:00,4,AFVG13,3.5598
2026-05-02 06:00:00,4,AFVG13,3.1961
2026-05-02 07:00:00,4,AFVG13,3.0071
2026-05-02 08:00:00,4,AFVG13,3.2409
2026-05-02 09:00:00,4,AFVG13,3.1933
2026-05-02 10:00:00,4,AFVG13,2.9174
2026-05-02 11:00:00,4,AFVG13,3.0239
2026-05-02 12:00:00,4,AFVG13,3.1561
2026-05-02 13:00:00,4,AFVG13,3.2319
2026-05-02 14:00:00,4,AFVG13,2.5687
2026-05-02 15:00:00,4,AFVG13,2.6703
2026-05-02 16:00:00,4,AFVG13,2.3613
2026-05-02 17:00:00,4,AFVG13,2.8977
2026-05-02 18:00:00,4,AFVG13,2.3387
2026-05-02 19:00:00,4,AFVG13,2.4683
2026-05-02 20:00:00,4,AFVG13,2.2933
2026-05-02 21:00:00,4,AFVG13,2.0654
2026-05-02 22:00:00,4,AFVG13,2.1431
2026-05-02 23:00:00,4,AFVG13,1.927
2026-05-03 00:00:00,4,AFVG13,1.996
2026-05-03 01:00:00,4,AFVG13,2.0201
2026-05-03 02:00:00,4,AFVG13,2.0688
2026-05-03 03:00:00,4,AFVG13,1.6758
2026-05-03 04:00:00,4,AFVG13,1.9951
2026-05-03 05:00:00,4,AFVG13,2.3831
2026-05-03 06:00:00,4,AFVG13,1.8595
2026-05-03 07:00:00,4,AFVG13,2.0602
2026-05-03 08:00:00,4,AFVG13,1.9638
2026-05-03 09:00:00,4,AFVG13,1.6267
2026-05-03 10:00:00,4,AFVG13,1.93
2026-05-03 11:00:00,4,AFVG13,2.0125
2026-05-03 12:00:00,4,AFVG13,2.2839
2026-05-03 13:00:00,4,AFVG13,2.1992
2026-05-03 14:00:00,4,AFVG13,2.2246
2026-05-03 15:00:00,4,AFVG13,2.417
2026-05-03 16:00:00,4,AFVG13,2.3985
2026-05-03 17:00:00,4,AFVG13,2.4218
2026-05-03 18:00:00,4,AFVG13,2.618
2026-05-03 19:00:00,4,AFVG13,2.3859
2026-05-03 20:00:00,4,AFVG13,2.6389
2026-05-03 21:00:00,4,AFVG13,2.9375
2026-05-03 22:00:00,4,AFVG13,2.5099
2026-05-03 23:00:00,4,AFVG13,2.795
2026-05-01 00:00:00,5,AFVG13,3.3663
2026-05-01 01:00:00,5,AFVG13,3.4543
2026-05-01 02:00:00,5,AFVG13,3.4435
2026-05-01 03:00:00,5,AFVG13,3.6291
2026-05-01 04:00:00,5,AFVG13,3.4984
2026-05-01 05:00:00,5,AFVG13,3.8407
2026-05-01 06:00:00,5,AFVG13,3.7805
2026-05-01 07:00:00,5,AFVG13,4.0759
2026-05-01 08:00:00,5,AFVG13,3.9773
2026-05-01 09:00:00,5,AFVG13,3.9739
2026-05-01 10:00:00,5,AFVG13,4.1383
2026-05-01 11:00:00,5,AFVG13,3.8336
2026-05-01 12:00:00,5,AFVG13,3.9317
2026-05-01 13:00:00,5,AFVG13,3.728
2026-05-01 14:00:00,5,AFVG13,4.1291
2026-05-01 15:00:00,5,AFVG13,4.2477
2026-05-01 16:00:00,5,AFVG13,3.9209
2026-05-01 17:00:00,5,AFVG13,3.7983
2026-05-01 18:00:00,5,AFVG13,4.13
2026-05-01 19:00:00,5,AFVG13,3.8244
2026-05-01 20:00:00,5,AFVG13,3.8266
2026-05-01 21:00:00,5,AFVG13,4.0941
2026-05-01 22:00:00,5,AFVG13,3.7644
2026-05-01 23:00:00,5,AFVG13,3.7395
2026-05-02 00:00:00,5,AFVG13,3.9533
2026-05-02 01:00:00,5,AFVG13,3.7391
2026-05-02 02:00:00,5,AFVG13,3.4254
2026-05-02 03:00:00,5,AFVG13,3.7413
2026-05-02 04:00:00,5,AFVG13,3.1812
2026-05-02 05:00:00,5,AFVG13,3.5173
2026-05-02 06:00:00,5,AFVG13,3.361
2026-05-02 07:00:00,5,AFVG13,3.1282
2026-05-02 08:00:00,5,AFVG13,3.0078
2026-05-02 09:00:00,5,AFVG13,2.8747
2026-05-02 10:00:00,5,AFVG13,3.2176
2026-05-02 11:00:00,5,AFVG13,2.8939
2026-05-02 12:00:00,5,AFVG13,2.6985
2026-05-02 13:00:00,5,AFVG13,2.7985
2026-05-02 14:00:00,5,AFVG13,2.8144
2026-05-02 15:00:00,5,AFVG13,2.6053
2026-05-02 16:00:00,5,AFVG13,2.5889
2026-05-02 17:00:00,5,AFVG13,2.5579
2026-05-02 18:00:00,5,AFVG13,2.3582
2026-05-02 19:00:00,5,AFVG13,2.3359
2026-05-02 20:00:00,5,AFVG13,2.2151
2026-05-02 21:00:00,5,AFVG13,2.0329
2026-05-02 22:00:00,5,AFVG13,1.9467
2026-05-02 23:00:00,5,AFVG13,2.1653
2026-05-03 00:00:00,5,AFVG13,1.9587
2026-05-03 01:00:00,5,AFVG13,2.0355
2026-05-03 02:00:00,5,AFVG13,1.9819
2026-05-03 03:00:00,5,AFVG13,2.1519
2026-05-03 04:00:00,5,AFVG13,2.0424
2026-05-03 05:00:00,5,AFVG13,2.0474
2026-05-03 06:00:00,5,AFVG13,1.9665
2026-05-03 07:00:00,5,AFVG13,2.0036
2026-05-03 08:00:00,5,AFVG13,1.995
2026-05-03 09:00:00,5,AFVG13,2.1116
2026-05-03 10:00:00,5,AFVG13,1.8502
2026-05-03 11:00:00,5,AFVG13,2.1468
2026-05-03 12:00:00,5,AFVG13,2.2516
2026-05-03 13:00:00,5,AFVG13,2.3078
2026-05-03 14:00:00,5,AFVG13,2.1447
2026-05-03 15:00:00,5,AFVG13,2.3056
2026-05-03 16:00:00,5,AFVG13,2.3784
2026-05-03 17:00:00,5,AFVG13,2.4251
2026-05-03 18:00:00,5,AFVG13,2.3977
2026-05-03 19:00:00,5,AFVG13,2.4943
2026-05-03 20:00:00,5,AFVG13,2.738
2026-05-03 21:00:00,5,AFVG13,2.8757
2026-05-03 22:00:00,5,AFVG13,2.9225
2026-05-03 23:00:00,5,AFVG13,2.8528
2026-05-01 00:00:00,6,AFVG13,3.4655
2026-05-01 01:00:00,6,AFVG13,3.4525
2026-05-01 02:00:00,6,AFVG13,3.4793
2026-05-01 03:00:00,6,AFVG13,3.4822
2026-05-01 04:00:00,6,AFVG13,3.6077
2026-05-01 05:00:00,6,AFVG13,3.85
2026-05-01 06:00:00,6,AFVG13,3.768
2026-05-01 07:00:00,6,AFVG13,3.8248
2026-05-01 08:00:00,6,AFVG13,3.7349
2026-05-01 09:00:00,6,AFVG13,4.3393
2026-05-01 10:00:00,6,AFVG13,3.6103
2026-05-01 11:00:00,6,AFVG13,3.6685
2026-05-01 12:00:00,6,AFVG13,3.9099
2026-05-01 13:00:00,6,AFVG13,4.0276
2026-05-01 14:00:00,6,AFVG13,4.2659
2026-05-01 15:00:00,6,AFVG13,4.0722
2026-05-01 16:00:00,6,AFVG13,4.0285
2026-05-01 17:00:00,6,AFVG13,4.1028
2026-05-01 18:00:00,6,AFVG13,3.9539
2026-05-01 19:00:00,6,AFVG13,3.6146
2026-05-01 20:00:00,6,AFVG13,3.9081
2026-05-01 21:00:00,6,AFVG13,3.8584
2026-05-01 22:00:00,6,AFVG13,4.1014
2026-05-01 23:00:00,6,AFVG13,3.6126
2026-05-02 00:00:00,6,AFVG13,3.8492
2026-05-02 01:00:00,6,AFVG13,3.3918
2026-05-02 02:00:00,6,AFVG13,3.7568
2026-05-02 03:00:00,6,AFVG13,3.4742
2026-05-02 04:00:00,6,AFVG13,3.5041
2026-05-02 05:00:00,6,AFVG13,3.4058
2026-05-02 06:00:00,6,AFVG13,3.3215
2026-05-02 07:00:00,6,AFVG13,3.1525
2026-05-02 08:00:00,6,AFVG13,2.9565
2026-05-02 09:00:00,6,AFVG13,2.9476
2026-05-02 10:00:00,6,AFVG13,2.7737
2026-05-02 11:00:00,6,AFVG13,2.7893
2026-05-02 12:00:00,6,AFVG13,2.4838
2026-05-02 13:00:00,6,AFVG13,2.6719
2026-05-02 14:00:00,6,AFVG13,2.7161
2026-05-02 15:00:00,6,AFVG13,2.6761
2026-05-02 16:00:00,6,AFVG13,2.6228
2026-05-02 17:00:00,6,AFVG13,2.3824
2026-05-02 18:00:00,6,AFVG13,2.2747
2026-05-02 19:00:00,6,AFVG13,2.2027
2026-05-02 20:00:00,6,AFVG13,2.2483
2026-05-02 21:00:00,6,AFVG13,2.2511
2026-05-02 22:00:00,6,AFVG13,2.1542
2026-05-02 23:00:00,6,AFVG13,1.8679
2026-05-03 00:00:00,6,AFVG13,2.2491
2026-05-03 01:00:00,6,AFVG13,2.0934
2026-05-03 02:00:00,6,AFVG13,2.1565
2026-05-03 03:00:00,6,AFVG13,2.0087
2026-05-03 04:00:00,6,AFVG13,1.9617
2026-05-03 05:00:00,6,AFVG13,2.2983
2026-05-03 06:00:00,6,AFVG13,1.861
2026-05-03 07:00:00,6,AFVG13,1.7888
2026-05-03 08:00:00,6,AFVG13,2.3686
2026-05-03 09:00:00,6,AFVG13,2.1389
2026-05-03 10:00:00,6,AFVG13,2.0785
2026-05-03 11:00:00,6,AFVG13,2.1009
2026-05-03 12:00:00,6,AFVG13,1.9392
2026-05-03 13:00:00,6,AFVG13,2.5769
2026-05-03 14:00:00,6,AFVG13,2.4643
2026-05-03 15:00:00,6,AFVG13,2.501
2026-05-03 16:00:00,6,AFVG13,2.6183
2026-05-03 17:00:00,6,AFVG13,2.431
2026-05-03 18:00:00,6,AFVG13,2.7135
2026-05-03 19:00:00,6,AFVG13,2.8866
2026-05-03 20:00:00,6,AFVG13,2.474
2026-05-03 21:00:00,6,AFVG13,2.9765
2026-05-03 22:00:00,6,AFVG13,3.0822
2026-05-03 23:00:00,6,AFVG13,3.0687
2026-05-01 00:00:00,7,AFVG13,3.3378
2026-05-01 01:00:00,7,AFVG13,3.5176
2026-05-01 02:00:00,7,AFVG13,3.5418
2026-05-01 03:00:00,7,AFVG13,3.7287
2026-05-01 04:00:00,7,AFVG13,3.6536
2026-05-01 05:00:00,7,AFVG13,3.9021
2026-05-01 06:00:00,7,AFVG13,3.7583
2026-05-01 07:00:00,7,AFVG13,3.8008
2026-05-01 08:00:00,7,AFVG13,4.0907
2026-05-01 09:00:00,7,AFVG13,3.9217
2026-05-01 10:00:00,7,AFVG13,4.0493
2026-05-01 11:00:00,7,AFVG13,3.7919
2026-05-01 12:00:00,7,AFVG13,4.2249
2026-05-01 13:00:00,7,AFVG13,3.7822
2026-05-01 14:00:00,7,AFVG13,4.0109
2026-05-01 15:00:00,7,AFVG13,3.952
2026-05-01 16:00:00,7,AFVG13,3.8538
2026-05-01 17:00:00,7,AFVG13,3.903
2026-05-01 18:00:00,7,AFVG13,4.0987
2026-05-01 19:00:00,7,AFVG13,4.1372
2026-05-01 20:00:00,7,AFVG13,3.7977
2026-05-01 21:00:00,7,AFVG13,3.7307
2026-05-01 22:00:00,7,AFVG13,3.4483
2026-05-01 23:00:00,7,AFVG13,3.9278
2026-05-02 00:00:00,7,AFVG13,3.4465
2026-05-02 01:00:00,7,AFVG13,3.4017
2026-05-02 02:00:00,7,AFVG13,3.4819
2026-05-02 03:00:00,7,AFVG13,3.501
2026-05-02 04:00:00,7,AFVG13,3.5414
2026-05-02 05:00:00,7,AFVG13,3.559
2026-05-02 06:00:00,7,AFVG13,3.2641
2026-05-02 07:00:00,7,AFVG13,2.9962
2026-05-02 08:00:00,7,AFVG13,2.8864
2026-05-02 09:00:00,7,AFVG13,2.875
2026-05-02 10:00:00,7,AFVG13,2.9399
2026-05-02 11:00:00,7,AFVG13,2.8813
2026-05-02 12:00:00,7,AFVG13,2.7511
2026-05-02 13:00:00,7,AFVG13,2.2974
2026-05-02 14:00:00,7,AFVG13,2.4225
2026-05-02 15:00:00,7,AFVG13,2.6552
2026-05-02 16:00:00,7,AFVG13,2.2899
2026-05-02 17:00:00,7,AFVG13,2.2954
2026-05-02 18:00:00,7,AFVG13,2.6588
2026-05-02 19:00:00,7,AFVG13,2.1863
2026-05-02 20:00:00,7,AFVG13,2.364
2026-05-02 21:00:00,7,AFVG13,2.3853
2026-05-02 22:00:00,7,AFVG13,2.1885
2026-05-02 23:00:00,7,AFVG13,1.9811
2026-05-03 00:00:00,7,AFVG13,1.6826
2026-05-03 01:00:00,7,AFVG13,1.8808
2026-05-03 02:00:00,7,AFVG13,2.098
2026-05-03 03:00:00,7,AFVG13,2.0892
2026-05-03 04:00:00,7,AFVG13,2.182
2026-05-03 05:00:00,7,AFVG13,1.8529
2026-05-03 06:00:00,7,AFVG13,2.0682
2026-05-03 07:00:00,7,AFVG13,1.7569
2026-05-03 08:00:00,7,AFVG13,1.9647
2026-05-03 09:00:00,7,AFVG13,2.2154
2026-05-03 10:00:00,7,AFVG13,1.8536
2026-05-03 11:00:00,7,AFVG13,2.354
2026-05-03 12:00:00,7,AFVG13,2.562
2026-05-03 13:00:00,7,AFVG13,2.1329
2026-05-03 14:00:00,7,AFVG13,2.3748
2026-05-03 15:00:00,7,AFVG13,2.7409
2026-05-03 16:00:00,7,AFVG13,2.6313
2026-05-03 17:00:00,7,AFVG13,2.6919
2026-05-03 18:00:00,7,AFVG13,2.7271
2026-05-03 19:00:00,7,AFVG13,2.5859
2026-05-03 20:00:00,7,AFVG13,2.8533
2026-05-03 21:00:00,7,AFVG13,3.1498
2026-05-03 22:00:00,7,AFVG13,3.0532
2026-05-03 23:00:00,7,AFVG13,3.2314
2026-05-01 00:00:00,8,AFVG13,3.4769
2026-05-01 01:00:00,8,AFVG13,3.4691
2026-05-01 02:00:00,8,AFVG13,3.5997
2026-05-01 03:00:00,8,AFVG13,3.5663
2026-05-01 04:00:00,8,AFVG13,3.5748
2026-05-01 05:00:00,8,AFVG13,3.8257
2026-05-01 06:00:00,8,AFVG13,3.838
2026-05-01 07:00:00,8,AFVG13,3.769
2026-05-01 08:00:00,8,AFVG13,4.0458
2026-05-01 09:00:00,8,AFVG13,3.8264
2026-05-01 10:00:00,8,AFVG13,4.0481
2026-05-01 11:00:00,8,AFVG13,4.0703
2026-05-01 12:00:00,8,AFVG13,4.2498
2026-05-01 13:00:00,8,AFVG13,4.0487
2026-05-01 14:00:00,8,AFVG13,4.1063
2026-05-01 15:00:00,8,AFVG13,3.9827
2026-05-01 16:00:00,8,AFVG13,3.7374
2026-05-01 17:00:00,8,AFVG13,4.0471
2026-05-01 18:00:00,8,AFVG13,4.1346
2026-05-01 19:00:00,8,AFVG13,3.8219
2026-05-01 20:00:00,8,AFVG13,4.1066
2026-05-01 21:00:00,8,AFVG13,3.8776
2026-05-01 22:00:00,8,AFVG13,3.9805
2026-05-01 23:00:00,8,AFVG13,3.5898
2026-05-02 00:00:00,8,AFVG13,3.4167
2026-05-02 01:00:00,8,AFVG13,3.4863
2026-05-02 02:00:00,8,AFVG13,3.2942
2026-05-02 03:00:00,8,AFVG13,3.3553
2026-05-02 04:00:00,8,AFVG13,3.2095
2026-05-02 05:00:00,8,AFVG13,3.1889
2026-05-02 06:00:00,8,AFVG13,3.068
2026-05-02 07:00:00,8,AFVG13,2.8521
2026-05-02 08:00:00,8,AFVG13,2.8356
2026-05-02 09:00:00,8,AFVG13,3.0228
2026-05-02 10:00:00,8,AFVG13,2.7414
2026-05-02 11:00:00,8,AFVG13,2.47
2026-05-02 12:00:00,8,AFVG13,2.2912
2026-05-02 13:00:00,8,AFVG13,2.4707
2026-05-02 14:00:00,8,AFVG13,2.4896
2026-05-02 15:00:00,8,AFVG13,2.2032
2026-05-02 16:00:00,8,AFVG13,2.049
2026-05-02 17:00:00,8,AFVG13,2.3428
2026-05-02 18:00:00,8,AFVG13,2.6845
2026-05-02 19:00:00,8,AFVG13,2.2884
2026-05-02 20:00:00,8,AFVG13,1.9662
2026-05-02 21:00:00,8,AFVG13,2.0622
2026-05-02 22:00:00,8,AFVG13,2.0326
2026-05-02 23:00:00,8,AFVG13,1.8369
2026-05-03 00:00:00,8,AFVG13,1.801
2026-05-03 01:00:00,8,AFVG13,1.981
2026-05-03 02:00:00,8,AFVG13,2.1186
2026-05-03 03:00:00,8,AFVG13,2.0427
2026-05-03 04:00:00,8,AFVG13,1.9138
2026-05-03 05:00:00,8,AFVG13,2.1111
2026-05-03 06:00:00,8,AFVG13,2.138
2026-05-03 07:00:00,8,AFVG13,1.944
2026-05-03 08:00:00,8,AFVG13,1.9467
2026-05-03 09:00:00,8,AFVG13,2.2701
2026-05-03 10:00:00,8,AFVG13,2.3935
2026-05-03 11:00:00,8,AFVG13,2.3389
2026-05-03 12:00:00,8,AFVG13,2.5151
2026-05-03 13:00:00,8,AFVG13,2.623
2026-05-03 14:00:00,8,AFVG13,2.2425
2026-05-03 15:00:00,8,AFVG13,2.6161
2026-05-03 16:00:00,8,AFVG13,2.8173
2026-05-03 17:00:00,8,AFVG13,2.8683
2026-05-03 18:00:00,8,AFVG13,2.9927
2026-05-03 19:00:00,8,AFVG13,2.7725
2026-05-03 20:00:00,8,AFVG13,3.0458
2026-05-03 21:00:00,8,AFVG13,3.1433
2026-05-03 22:00:00,8,AFVG13,3.0202
2026-05-03 23:00:00,8,AFVG13,3.2209
2026-05-01 00:00:00,9,AFVG13,3.3894
2026-05-01 01:00:00,9,AFVG13,3.527
2026-05-01 02:00:00,9,AFVG13,3.7642
2026-05-01 03:00:00,9,AFVG13,3.9285
2026-05-01 04:00:00,9,AFVG13,3.821
2026-05-01 05:00:00,9,AFVG13,4.0959
2026-05-01 06:00:00,9,AFVG13,4.1278
2026-05-01 07:00:00,9,AFVG13,3.7894
2026-05-01 08:00:00,9,AFVG13,3.9475
2026-05-01 09:00:00,9,AFVG13,3.9063
2026-05-01 10:00:00,9,AFVG13,4.1177
2026-05-01 11:00:00,9,AFVG13,4.1074
2026-05-01 12:00:00,9,AFVG13,3.8792
2026-05-01 13:00:00,9,AFVG13,4.1285
2026-05-01 14:00:00,9,AFVG13,3.7765
2026-05-01 15:00:00,9,AFVG13,4.1293
2026-05-01 16:00:00,9,AFVG13,3.5581
2026-05-01 17:00:00,9,AFVG13,3.862
2026-05-01 18:00:00,9,AFVG13,3.7415
2026-05-01 19:00:00,9,AFVG13,3.902
2026-05-01 20:00:00,9,AFVG13,3.7858
2026-05-01 21:00:00,9,AFVG13,3.3613
2026-05-01 22:00:00,9,AFVG13,3.4256
2026-05-01 23:00:00,9,AFVG13,3.4724
2026-05-02 00:00:00,9,AFVG13,3.6671
2026-05-02 01:00:00,9,AFVG13,3.66
2026-05-02 02:00:00,9,AFVG13,3.4404
2026-05-02 03:00:00,9,AFVG13,3.4721
2026-05-02 04:00:00,9,AFVG13,3.0644
2026-05-02 05:00:00,9,AFVG13,3.1573
2026-05-02 06:00:00,9,AFVG13,3.0306
2026-05-02 07:00:00,9,AFVG13,2.7663
2026-05-02 08:00:00,9,AFVG13,2.793
2026-05-02 09:00:00,9,AFVG13,2.7103
2026-05-02 10:00:00,9,AFVG13,2.7522
2026-05-02 11:00:00,9,AFVG13,2.6802
2026-05-02 12:00:00,9,AFVG13,2.4485
2026-05-02 13:00:00,9,AFVG13,2.3791
2026-05-02 14:00:00,9,AFVG13,2.1057
2026-05-02 15:00:00,9,AFVG13,2.4027
2026-05-02 16:00:00,9,AFVG13,2.2522
2026-05-02 17:00:00,9,AFVG13,2.2092
2026-05-02 18:00:00,9,AFVG13,2.2467
2026-05-02 19:00:00,9,AFVG13,2.0477
2026-05-02 20:00:00,9,AFVG13,1.9406
2026-05-02 21:00:00,9,AFVG13,1.9644
2026-05-02 22:00:00,9,AFVG13,1.9793
2026-05-02 23:00:00,9,AFVG13,2.0463
2026-05-03 00:00:00,9,AFVG13,1.9125
2026-05-03 01:00:00,9,AFVG13,1.9339
2026-05-03 02:00:00,9,AFVG13,1.8041
2026-05-03 03:00:00,9,AFVG13,1.9529
2026-05-03 04:00:00,9,AFVG13,1.7693
2026-05-03 05:00:00,9,AFVG13,1.9562
2026-05-03 06:00:00,9,AFVG13,2.1669
2026-05-03 07:00:00,9,AFVG13,2.1486
2026-05-03 08:00:00,9,AFVG13,2.1425
2026-05-03 09:00:00,9,AFVG13,2.181
2026-05-03 10:00:00,9,AFVG13,2.404
2026-05-03 11:00:00,9,AFVG13,2.1515
2026-05-03 12:00:00,9,AFVG13,2.4586
2026-05-03 13:00:00,9,AFVG13,2.353
2026-05-03 14:00:00,9,AFVG13,2.5742
2026-05-03 15:00:00,9,AFVG13,2.5848
2026-05-03 16:00:00,9,AFVG13,2.6041
2026-05-03 17:00:00,9,AFVG13,2.8125
2026-05-03 18:00:00,9,AFVG13,2.7505
2026-05-03 19:00:00,9,AFVG13,2.7483
2026-05-03 20:00:00,9,AFVG13,2.941
2026-05-03 21:00:00,9,AFVG13,2.9085
2026-05-03 22:00:00,9,AFVG13,3.201
2026-05-03 23:00:00,9,AFVG13,3.1693
2026-05-01 00:00:00,10,AFVG13,3.4546
2026-05-01 01:00:00,10,AFVG13,3.7603
2026-05-01 02:00:00,10,AFVG13,3.8224
2026-05-01 03:00:00,10,AFVG13,3.7857
2026-05-01 04:00:00,10,AFVG13,3.8152
2026-05-01 05:00:00,10,AFVG13,4.0356
2026-05-01 06:00:00,10,AFVG13,3.8914
2026-05-01 07:00:00,10,AFVG13,3.9977
2026-05-01 08:00:00,10,AFVG13,3.809
2026-05-01 09:00:00,10,AFVG13,4.0764
2026-05-01 10:00:00,10,AFVG13,3.9779
2026-05-01 11:00:00,10,AFVG13,4.0767
2026-05-01 12:00:00,10,AFVG13,3.9507
2026-05-01 13:00:00,10,AFVG13,3.8646
2026-05-01 14:00:00,10,AFVG13,3.7762
2026-05-01 15:00:00,10,AFVG13,3.898
2026-05-01 16:00:00,10,AFVG13,3.826
2026-05-01 17:00:00,10,AFVG13,3.6601
2026-05-01 18:00:00,10,AFVG13,3.9961
2026-05-01 19:00:00,10,AFVG13,3.9105
2026-05-01 20:00:00,10,AFVG13,3.3945
2026-05-01 21:00:00,10,AFVG13,3.3169
2026-05-01 22:00:00,10,AFVG13,3.3435
2026-05-01 23:00:00,10,AFVG13,3.5246
2026-05-02 00:00:00,10,AFVG13,3.8293
2026-05-02 01:00:00,10,AFVG13,3.1734
2026-05-02 02:00:00,10,AFVG13,3.2239
2026-05-02 03:00:00,10,AFVG13,3.3904
2026-05-02 04:00:00,10,AFVG13,3.0337
2026-05-02 05:00:00,10,AFVG13,3.1923
2026-05-02 06:00:00,10,AFVG13,3.0817
2026-05-02 07:00:00,10,AFVG13,2.8544
2026-05-02 08:00:00,10,AFVG13,2.9091
2026-05-02 09:00:00,10,AFVG13,2.8368
2026-05-02 10:00:00,10,AFVG13,2.4078
2026-05-02 11:00:00,10,AFVG13,2.5164
2026-05-02 12:00:00,10,AFVG13,2.3758
2026-05-02 13:00:00,10,AFVG13,2.4059
2026-05-02 14:00:00,10,AFVG13,2.1548
2026-05-02 15:00:00,10,AFVG13,2.1273
2026-05-02 16:00:00,10,AFVG13,2.2302
2026-05-02 17:00:00,10,AFVG13,2.1712
2026-05-02 18:00:00,10,AFVG13,2.3363
2026-05-02 19:00:00,10,AFVG13,2.1222
2026-05-02 20:00:00,10,AFVG13,2.274
2026-05-02 21:00:00,10,AFVG13,2.2308
2026-05-02 22:00:00,10,AFVG13,2.1867
2026-05-02 23:00:00,10,AFVG13,1.4744
2026-05-03 00:00:00,10,AFVG13,1.8841
2026-05-03 01:00:00,10,AFVG13,2.072
2026-05-03 02:00:00,10,AFVG13,1.8134
2026-05-03 03:00:00,10,AFVG13,1.9489
2026-05-03 04:00:00,10,AFVG13,2.1513
2026-05-03 05:00:00,10,AFVG13,2.0877
2026-05-03 06:00:00,10,AFVG13,2.0642
2026-05-03 07:00:00,10,AFVG13,2.4185
2026-05-03 08:00:00,10,AFVG13,2.1432
2026-05-03 09:00:00,10,AFVG13,2.4266
2026-05-03 10:00:00,10,AFVG13,2.311
2026-05-03 11:00:00,10,AFVG13,2.3966
2026-05-03 12:00:00,10,AFVG13,2.3955
2026-05-03 13:00:00,10,AFVG13,2.3946
2026-05-03 14:00:00,10,AFVG13,2.5622
2026-05-03 15:00:00,10,AFVG13,2.4681
2026-05-03 16:00:00,10,AFVG13,2.8444
2026-05-03 17:00:00,10,AFVG13,2.8512
2026-05-03 18:00:00,10,AFVG13,2.8509
2026-05-03 19:00:00,10,AFVG13,3.1193
2026-05-03 20:00:00,10,AFVG13,2.9271
2026-05-03 21:00:00,10,AFVG13,2.8709
2026-05-03 22:00:00,10,AFVG13,3.3108
2026-05-03 23:00:00,10,AFVG13,3.1207
2026-05-01 00:00:00,11,AFVG13,3.4868
2026-05-01 01:00:00,11,AFVG13,3.7779
2026-05-01 02:00:00,11,AFVG13,3.9505
2026-05-01 03:00:00,11,AFVG13,3.7353
2026-05-01 04:00:00,11,AFVG13,3.7589
2026-05-01 05:00:00,11,AFVG13,4.1531
2026-05-01 06:00:00,11,AFVG13,3.7432
2026-05-01 07:00:00,11,AFVG13,4.1036
2026-05-01 08:00:00,11,AFVG13,4.0555
2026-05-01 09:00:00,11,AFVG13,3.8898
2026-05-01 10:00:00,11,AFVG13,3.979
2026-05-01 11:00:00,11,AFVG13,3.8643
2026-05-01 12:00:00,11,AFVG13,3.8803
2026-05-01 13:00:00,11,AFVG13,3.9374
2026-05-01 14:00:00,11,AFVG13,3.8278
2026-05-01 15:00:00,11,AFVG13,3.6537
2026-05-01 16:00:00,11,AFVG13,3.9684
2026-05-01 17:00:00,11,AFVG13,3.7256
2026-05-01 18:00:00,11,AFVG13,3.8848
2026-05-01 19:00:00,11,AFVG13,3.686
2026-05-01 20:00:00,11,AFVG13,4.0699
2026-05-01 21:00:00,11,AFVG13,3.666
2026-05-01 22:00:00,11,AFVG13,3.3107
2026-05-01 23:00:00,11,AFVG13,3.2336
2026-05-02 00:00:00,11,AFVG13,3.2286
2026-05-02 01:00:00,11,AFVG13,3.22
2026-05-02 02:00:00,11,AFVG13,2.9556
2026-05-02 03:00:00,11,AFVG13,2.9524
2026-05-02 04:00:00,11,AFVG13,3.0405
2026-05-02 05:00:00,11,AFVG13,2.7205
2026-05-02 06:00:00,11,AFVG13,2.857
2026-05-02 07:00:00,11,AFVG13,2.8248
2026-05-02 08:00:00,11,AFVG13,2.5585
2026-05-02 09:00:00,11,AFVG13,2.7212
2026-05-02 10:00:00,11,AFVG13,2.5673
2026-05-02 11:00:00,11,AFVG13,2.6455
2026-05-02 12:00:00,11,AFVG13,2.5118
2026-05-02 13:00:00,11,AFVG13,2.315
2026-05-02 14:00:00,11,AFVG13,2.2625
2026-05-02 15:00:00,11,AFVG13,2.2995
2026-05-02 16:00:00,11,AFVG13,2.2365
2026-05-02 17:00:00,11,AFVG13,1.8811
2026-05-02 18:00:00,11,AFVG13,2.2352
2026-05-02 19:00:00,11,AFVG13,1.9796
2026-05-02 20:00:00,11,AFVG13,2.2079
2026-05-02 21:00:00,11,AFVG13,2.0453
2026-05-02 22:00:00,11,AFVG13,1.9085
2026-05-02 23:00:00,11,AFVG13,2.0003
2026-05-03 00:00:00,11,AFVG13,2.2177
2026-05-03 01:00:00,11,AFVG13,1.8975
2026-05-03 02:00:00,11,AFVG13,1.7686
2026-05-03 03:00:00,11,AFVG13,2.0086
2026-05-03 04:00:00,11,AFVG13,2.2644
2026-05-03 05:00:00,11,AFVG13,2.3486
2026-05-03 06:00:00,11,AFVG13,2.3064
2026-05-03 07:00:00,11,AFVG13,1.8804
2026-05-03 08:00:00,11,AFVG13,2.2155
2026-05-03 09:00:00,11,AFVG13,2.2371
2026-05-03 10:00:00,11,AFVG13,2.3449
2026-05-03 11:00:00,11,AFVG13,2.274
2026-05-03 12:00:00,11,AFVG13,2.4678
2026-05-03 13:00:00,11,AFVG13,2.4056
2026-05-03 14:00:00,11,AFVG13,3.0084
2026-05-03 15:00:00,11,AFVG13,2.7488
2026-05-03 16:00:00,11,AFVG13,2.7435
2026-05-03 17:00:00,11,AFVG13,2.7177
2026-05-03 18:00:00,11,AFVG13,3.1305
2026-05-03 19:00:00,11,AFVG13,3.1576
2026-05-03 20:00:00,11,AFVG13,3.3272
2026-05-03 21:00:00,11,AFVG13,3.2866
2026-05-03 22:00:00,11,AFVG13,3.2444
2026-05-03 23:00:00,11,AFVG13,3.2834
2026-05-01 00:00:00,12,AFVG13,3.63
2026-05-01 01:00:00,12,AFVG13,3.7369
2026-05-01 02:00:00,12,AFVG13,3.9478
2026-05-01 03:00:00,12,AFVG13,3.8039
2026-05-01 04:00:00,12,AFVG13,3.9647
2026-05-01 05:00:00,12,AFVG13,4.064
2026-05-01 06:00:00,12,AFVG13,3.9054
2026-05-01 07:00:00,12,AFVG13,4.1359
2026-05-01 08:00:00,12,AFVG13,4.061
2026-05-01 09:00:00,12,AFVG13,4.0573
2026-05-01 10:00:00,12,AFVG13,3.9909
2026-05-01 11:00:00,12,AFVG13,4.0088
2026-05-01 12:00:00,12,AFVG13,3.8349
2026-05-01 13:00:00,12,AFVG13,3.8127
2026-05-01 14:00:00,12,AFVG13,3.944
2026-05-01 15:00:00,12,AFVG13,4.0024
2026-05-01 16:00:00,12,AFVG13,3.7893
2026-05-01 17:00:00,12,AFVG13,3.8492
2026-05-01 18:00:00,12,AFVG13,3.6838
2026-05-01 19:00:00,12,AFVG13,3.5407
2026-05-01 20:00:00,12,AFVG13,3.595
2026-05-01 21:00:00,12,AFVG13,3.5817
2026-05-01 22:00:00,12,AFVG13,3.348
2026-05-01 23:00:00,12,AFVG13,3.2864
2026-05-02 00:00:00,12,AFVG13,3.2228
2026-05-02 01:00:00,12,AFVG13,3.244
2026-05-02 02:00:00,12,AFVG13,2.9133
2026-05-02 03:00:00,12,AFVG13,3.0927
2026-05-02 04:00:00,12,AFVG13,3.0075
2026-05-02 05:00:00,12,AFVG13,2.916
2026-05-02 06:00:00,12,AFVG13,2.7186
2026-05-02 07:00:00,12,AFVG13,2.764
2026-05-02 08:00:00,12,AFVG13,2.4775
2026-05-02 09:00:00,12,AFVG13,2.4523
2026-05-02 10:00:00,12,AFVG13,2.6128
2026-05-02 11:00:00,12,AFVG13,2.2237
2026-05-02 12:00:00,12,AFVG13,2.2603
2026-05-02 13:00:00,12,AFVG13,2.2088
2026-05-02 14:00:00,12,AFVG13,2.3363
2026-05-02 15:00:00,12,AFVG13,1.9715
2026-05-02 16:00:00,12,AFVG13,2.0535
2026-05-02 17:00:00,12,AFVG13,1.9393
2026-05-02 18:00:00,12,AFVG13,2.317
2026-05-02 19:00:00,12,AFVG13,2.0
2026-05-02 20:00:00,12,AFVG13,1.9432
2026-05-02 21:00:00,12,AFVG13,2.0245
2026-05-02 22:00:00,12,AFVG13,2.1304
2026-05-02 23:00:00,12,AFVG13,1.69
2026-05-03 00:00:00,12,AFVG13,1.846
2026-05-03 01:00:00,12,AFVG13,2.0549
2026-05-03 02:00:00,12,AFVG13,1.9485
2026-05-03 03:00:00,12,AFVG13,1.8541
2026-05-03 04:00:00,12,AFVG13,1.998
2026-05-03 05:00:00,12,AFVG13,2.168
2026-05-03 06:00:00,12,AFVG13,2.2394
2026-05-03 07:00:00,12,AFVG13,2.5363
2026-05-03 08:00:00,12,AFVG13,2.0533
2026-05-03 09:00:00,12,AFVG13,2.1388
2026-05-03 10:00:00,12,AFVG13,2.2461
2026-05-03 11:00:00,12,AFVG13,2.6434
2026-05-03 12:00:00,12,AFVG13,2.4368
2026-05-03 13:00:00,12,AFVG13,2.42
2026-05-03 14:00:00,12,AFVG13,2.8488
2026-05-03 15:00:00,12,AFVG13,2.697
2026-05-03 16:00:00,12,AFVG13,3.0577
2026-05-03 17:00:00,12,AFVG13,3.0057
2026-05-03 18:00:00,12,AFVG13,2.9575
2026-05-03 19:00:00,12,AFVG13,3.2738
2026-05-03 20:00:00,12,AFVG13,3.344
2026-05-03 21:00:00,12,AFVG13,3.5273
2026-05-03 22:00:00,12,AFVG13,3.3183
2026-05-03 23:00:00,12,AFVG13,3.4082
2026-05-01 00:00:00,13,AFVG13,4.0103
2026-05-01 01:00:00,13,AFVG13,4.0046
2026-05-01 02:00:00,13,AFVG13,3.919
2026-05-01 03:00:00,13,AFVG13,3.7893
2026-05-01 04:00:00,13,AFVG13,3.7898
2026-05-01 05:00:00,13,AFVG13,3.7557
2026-05-01 06:00:00,13,AFVG13,3.8385
2026-05-01 07:00:00,13,AFVG13,3.966
2026-05-01 08:00:00,13,AFVG13,3.8212
2026-05-01 09:00:00,13,AFVG13,4.1041
2026-05-01 10:00:00,13,AFVG13,3.5984
2026-05-01 11:00:00,13,AFVG13,3.8473
2026-05-01 12:00:00,13,AFVG13,3.841
2026-05-01 13:00:00,13,AFVG13,4.0034
2026-05-01 14:00:00,13,AFVG13,3.9532
2026-05-01 15:00:00,13,AFVG13,3.6468
2026-05-01 16:00:00,13,AFVG13,3.8166
2026-05-01 17:00:00,13,AFVG13,3.571
2026-05-01 18:00:00,13,AFVG13,3.7118
2026-05-01 19:00:00,13,AFVG13,3.4208
2026-05-01 20:00:00,13,AFVG13,3.5546
2026-05-01 21:00:00,13,AFVG13,3.6835
2026-05-01 22:00:00,13,AFVG13,3.6938
2026-05-01 23:00:00,13,AFVG13,3.4728
2026-05-02 00:00:00,13,AFVG13,3.0748
2026-05-02 01:00:00,13,AFVG13,3.0699
2026-05-02 02:00:00,13,AFVG13,2.9249
2026-05-02 03:00:00,13,AFVG13,2.8901
2026-05-02 04:00:00,13,AFVG13,2.6363
2026-05-02 05:00:00,13,AFVG13,2.7214
2026-05-02 06:00:00,13,AFVG13,2.9025
2026-05-02 07:00:00,13,AFVG13,2.9906
2026-05-02 08:00:00,13,AFVG13,2.6437
2026-05-02 09:00:00,13,AFVG13,2.535
2026-05-02 10:00:00,13,AFVG13,2.5349
2026-05-02 11:00:00,13,AFVG13,2.1302
2026-05-02 12:00:00,13,AFVG13,2.1781
2026-05-02 13:00:00,13,AFVG13,2.3683
2026-05-02 14:00:00,13,AFVG13,2.1604
2026-05-02 15:00:00,13,AFVG13,2.0935
2026-05-02 16:00:00,13,AFVG13,2.2361
2026-05-02 17:00:00,13,AFVG13,1.7875
2026-05-02 18:00:00,13,AFVG13,2.2205
2026-05-02 19:00:00,13,AFVG13,1.9021
2026-05-02 20:00:00,13,AFVG13,2.0937
2026-05-02 21:00:00,13,AFVG13,2.0015
2026-05-02 22:00:00,13,AFVG13,2.1097
2026-05-02 23:00:00,13,AFVG13,2.1554
2026-05-03 00:00:00,13,AFVG13,1.8677
2026-05-03 01:00:00,13,AFVG13,2.1648
2026-05-03 02:00:00,13,AFVG13,2.1416
2026-05-03 03:00:00,13,AFVG13,2.3123
2026-05-03 04:00:00,13,AFVG13,2.0585
2026-05-03 05:00:00,13,AFVG13,2.3609
2026-05-03 06:00:00,13,AFVG13,2.3429
2026-05-03 07:00:00,13,AFVG13,2.2234
2026-05-03 08:00:00,13,AFVG13,2.501
2026-05-03 09:00:00,13,AFVG13,2.3605
2026-05-03 10:00:00,13,AFVG13,2.623
2026-05-03 11:00:00,13,AFVG13,2.5441
2026-05-03 12:00:00,13,AFVG13,2.6516
2026-05-03 13:00:00,13,AFVG13,2.7244
2026-05-03 14:00:00,13,AFVG13,2.947
2026-05-03 15:00:00,13,AFVG13,2.8641
2026-05-03 16:00:00,13,AFVG13,3.0473
2026-05-03 17:00:00,13,AFVG13,3.1334
2026-05-03 18:00:00,13,AFVG13,2.9976
2026-05-03 19:00:00,13,AFVG13,3.3472
2026-05-03 20:00:00,13,AFVG13,3.5102
2026-05-03 21:00:00,13,AFVG13,3.4446
2026-05-03 22:00:00,13,AFVG13,3.5049
2026-05-03 23:00:00,13,AFVG13,3.3893
2026-05-01 00:00:00,14,AFVG13,4.0239
2026-05-01 01:00:00,14,AFVG13,3.6439
2026-05-01 02:00:00,14,AFVG13,3.933
2026-05-01 03:00:00,14,AFVG13,4.175
2026-05-01 04:00:00,14,AFVG13,3.8637
2026-05-01 05:00:00,14,AFVG13,4.0658
2026-05-01 06:00:00,14,AFVG13,3.8869
2026-05-01 07:00:00,14,AFVG13,4.0987
2026-05-01 08:00:00,14,AFVG13,3.7849
2026-05-01 09:00:00,14,AFVG13,3.9255
2026-05-01 10:00:00,14,AFVG13,3.8751
2026-05-01 11:00:00,14,AFVG13,3.9626
2026-05-01 12:00:00,14,AFVG13,3.6623
2026-05-01 13:00:00,14,AFVG13,4.1073
2026-05-01 14:00:00,14,AFVG13,3.8852
2026-05-01 15:00:00,14,AFVG13,3.7172
2026-05-01 16:00:00,14,AFVG13,3.9601
2026-05-01 17:00:00,14,AFVG13,3.6743
2026-05-01 18:00:00,14,AFVG13,3.6528
2026-05-01 19:00:00,14,AFVG13,3.5898
2026-05-01 20:00:00,14,AFVG13,3.7136
2026-05-01 21:00:00,14,AFVG13,3.4237
2026-05-01 22:00:00,14,AFVG13,3.1622
2026-05-01 23:00:00,14,AFVG13,3.2559
2026-05-02 00:00:00,14,AFVG13,3.2239
2026-05-02 01:00:00,14,AFVG13,3.0743
2026-05-02 02:00:00,14,AFVG13,2.8975
2026-05-02 03:00:00,14,AFVG13,2.7905
2026-05-02 04:00:00,14,AFVG13,2.5746
2026-05-02 05:00:00,14,AFVG13,2.8199
2026-05-02 06:00:00,14,AFVG13,2.5428
2026-05-02 07:00:00,14,AFVG13,2.4943
2026-05-02 08:00:00,14,AFVG13,2.5926
2026-05-02 09:00:00,14,AFVG13,2.6068
2026-05-02 10:00:00,14,AFVG13,2.2223
2026-05-02 11:00:00,14,AFVG13,2.262
2026-05-02 12:00:00,14,AFVG13,2.1973
2026-05-02 13:00:00,14,AFVG13,2.2792
2026-05-02 14:00:00,14,AFVG13,1.9998
2026-05-02 15:00:00,14,AFVG13,1.9938
2026-05-02 16:00:00,14,AFVG13,2.1416
2026-05-02 17:00:00,14,AFVG13,1.9589
2026-05-02 18:00:00,14,AFVG13,1.8726
2026-05-02 19:00:00,14,AFVG13,2.0094
2026-05-02 20:00:00,14,AFVG13,1.8647
2026-05-02 21:00:00,14,AFVG13,1.9591
2026-05-02 22:00:00,14,AFVG13,2.1977
2026-05-02 23:00:00,14,AFVG13,1.9904
2026-05-03 00:00:00,14,AFVG13,2.015
2026-05-03 01:00:00,14,AFVG13,1.9904
2026-05-03 02:00:00,14,AFVG13,1.8646
2026-05-03 03:00:00,14,AFVG13,2.1576
2026-05-03 04:00:00,14,AFVG13,2.3277
2026-05-03 05:00:00,14,AFVG13,2.4145
2026-05-03 06:00:00,14,AFVG13,2.7084
2026-05-03 07:00:00,14,AFVG13,2.2964
2026-05-03 08:00:00,14,AFVG13,2.4359
2026-05-03 09:00:00,14,AFVG13,2.3096
2026-05-03 10:00:00,14,AFVG13,2.825
2026-05-03 11:00:00,14,AFVG13,2.7718
2026-05-03 12:00:00,14,AFVG13,2.8456
2026-05-03 13:00:00,14,AFVG13,2.8714
2026-05-03 14:00:00,14,AFVG13,2.844
2026-05-03 15:00:00,14,AFVG13,2.5662
2026-05-03 16:00:00,14,AFVG13,3.2177
2026-05-03 17:00:00,14,AFVG13,3.2134
2026-05-03 18:00:00,14,AFVG13,3.2342
2026-05-03 19:00:00,14,AFVG13,3.1525
2026-05-03 20:00:00,14,AFVG13,3.4857
2026-05-03 21:00:00,14,AFVG13,3.4769
2026-05-03 22:00:00,14,AFVG13,3.5357
2026-05-03 23:00:00,14,AFVG13,3.4097
2026-05-01 00:00:00,15,AFVG13,3.6991
2026-05-01 01:00:00,15,AFVG13,3.8924
2026-05-01 02:00:00,15,AFVG13,3.922
2026-05-01 03:00:00,15,AFVG13,3.8076
2026-05-01 04:00:00,15,AFVG13,4.2427
2026-05-01 05:00:00,15,AFVG13,3.9288
2026-05-01 06:00:00,15,AFVG13,3.99
2026-05-01 07:00:00,15,AFVG13,4.0371
2026-05-01 08:00:00,15,AFVG13,4.2102
2026-05-01 09:00:00,15,AFVG13,3.8576
2026-05-01 10:00:00,15,AFVG13,3.9237
2026-05-01 11:00:00,15,AFVG13,3.7315
2026-05-01 12:00:00,15,AFVG13,4.0447
2026-05-01 13:00:00,15,AFVG13,3.9098
2026-05-01 14:00:00,15,AFVG13,3.8224
2026-05-01 15:00:00,15,AFVG13,3.7884
2026-05-01 16:00:00,15,AFVG13,3.9601
2026-05-01 17:00:00,15,AFVG13,3.6083
2026-05-01 18:00:00,15,AFVG13,3.4701
2026-05-01 19:00:00,15,AFVG13,3.3998
2026-05-01 20:00:00,15,AFVG13,3.5669
2026-05-01 21:00:00,15,AFVG13,3.4232
2026-05-01 22:00:00,15,AFVG13,3.3274
2026-05-01 23:00:00,15,AFVG13,3.0768
2026-05-02 00:00:00,15,AFVG13,3.1734
2026-05-02 01:00:00,15,AFVG13,3.0984
2026-05-02 02:00:00,15,AFVG13,2.9409
2026-05-02 03:00:00,15,AFVG13,2.8225
2026-05-02 04:00:00,15,AFVG13,2.8316
2026-05-02 05:00:00,15,AFVG13,2.7406
2026-05-02 06:00:00,15,AFVG13,2.5309
2026-05-02 07:00:00,15,AFVG13,2.481
2026-05-02 08:00:00,15,AFVG13,2.1988
2026-05-02 09:00:00,15,AFVG13,2.4778
2026-05-02 10:00:00,15,AFVG13,2.308
2026-05-02 11:00:00,15,AFVG13,2.4978
2026-05-02 12:00:00,15,AFVG13,1.9438
2026-05-02 13:00:00,15,AFVG13,2.1885
2026-05-02 14:00:00,15,AFVG13,2.2093
2026-05-02 15:00:00,15,AFVG13,1.979
2026-05-02 16:00:00,15,AFVG13,2.1261
2026-05-02 17:00:00,15,AFVG13,2.0725
2026-05-02 18:00:00,15,AFVG13,2.0926
2026-05-02 19:00:00,15,AFVG13,1.9681
2026-05-02 20:00:00,15,AFVG13,1.5235
2026-05-02 21:00:00,15,AFVG13,2.016
2026-05-02 22:00:00,15,AFVG13,2.0287
2026-05-02 23:00:00,15,AFVG13,1.9225
2026-05-03 00:00:00,15,AFVG13,1.8577
2026-05-03 01:00:00,15,AFVG13,2.1657
2026-05-03 02:00:00,15,AFVG13,2.1839
2026-05-03 03:00:00,15,AFVG13,2.4046
2026-05-03 04:00:00,15,AFVG13,2.0958
2026-05-03 05:00:00,15,AFVG13,2.4491
2026-05-03 06:00:00,15,AFVG13,2.3333
2026-05-03 07:00:00,15,AFVG13,2.3205
2026-05-03 08:00:00,15,AFVG13,2.5382
2026-05-03 09:00:00,15,AFVG13,2.6669
2026-05-03 10:00:00,15,AFVG13,2.5319
2026-05-03 11:00:00,15,AFVG13,2.9243
2026-05-03 12:00:00,15,AFVG13,2.7717
2026-05-03 13:00:00,15,AFVG13,2.6657
2026-05-03 14:00:00,15,AFVG13,2.7627
2026-05-03 15:00:00,15,AFVG13,3.1776
2026-05-03 16:00:00,15,AFVG13,3.017
2026-05-03 17:00:00,15,AFVG13,3.1958
2026-05-03 18:00:00,15,AFVG13,3.2796
2026-05-03 19:00:00,15,AFVG13,3.3262
2026-05-03 20:00:00,15,AFVG13,3.5669
2026-05-03 21:00:00,15,AFVG13,3.4218
2026-05-03 22:00:00,15,AFVG13,3.3983
2026-05-03 23:00:00,15,AFVG13,3.2863
2026-05-01 00:00:00,16,AFVG13,3.8823
2026-05-01 01:00:00,16,AFVG13,3.8936
2026-05-01 02:00:00,16,AFVG13,4.1456
2026-05-01 03:00:00,16,AFVG13,3.8743
2026-05-01 04:00:00,16,AFVG13,4.1466
2026-05-01 05:00:00,16,AFVG13,3.9561
2026-05-01 06:00:00,16,AFVG13,4.2569
2026-05-01 07:00:00,16,AFVG13,3.8452
2026-05-01 08:00:00,16,AFVG13,3.9166
2026-05-01 09:00:00,16,AFVG13,4.0574
2026-05-01 10:00:00,16,AFVG13,4.106
2026-05-01 11:00:00,16,AFVG13,4.02
2026-05-01 12:00:00,16,AFVG13,3.6527
2026-05-01 13:00:00,16,AFVG13,3.9698
2026-05-01 14:00:00,16,AFVG13,3.7531
2026-05-01 15:00:00,16,AFVG13,3.4531
2026-05-01 16:00:00,16,AFVG13,3.5514
2026-05-01 17:00:00,16,AFVG13,3.5164
2026-05-01 18:00:00,16,AFVG13,3.3784
2026-05-01 19:00:00,16,AFVG13,3.6203
2026-05-01 20:00:00,16,AFVG13,3.4281
2026-05-01 21:00:00,16,AFVG13,3.4392
2026-05-01 22:00:00,16,AFVG13,3.0551
2026-05-01 23:00:00,16,AFVG13,2.8542
2026-05-02 00:00:00,16,AFVG13,3.0894
2026-05-02 01:00:00,16,AFVG13,2.9434
2026-05-02 02:00:00,16,AFVG13,2.9849
2026-05-02 03:00:00,16,AFVG13,2.8726
2026-05-02 04:00:00,16,AFVG13,2.7167
2026-05-02 05:00:00,16,AFVG13,2.7353
2026-05-02 06:00:00,16,AFVG13,2.5511
2026-05-02 07:00:00,16,AFVG13,2.4981
2026-05-02 08:00:00,16,AFVG13,2.6955
2026-05-02 09:00:00,16,AFVG13,2.5278
2026-05-02 10:00:00,16,AFVG13,2.1167
2026-05-02 11:00:00,16,AFVG13,1.9824
2026-05-02 12:00:00,16,AFVG13,2.374
2026-05-02 13:00:00,16,AFVG13,2.0613
2026-05-02 14:00:00,16,AFVG13,2.0695
2026-05-02 15:00:00,16,AFVG13,1.9848
2026-05-02 16:00:00,16,AFVG13,2.0824
2026-05-02 17:00:00,16,AFVG13,1.9533
2026-05-02 18:00:00,16,AFVG13,1.8257
2026-05-02 19:00:00,16,AFVG13,1.7323
2026-05-02 20:00:00,16,AFVG13,1.644
2026-05-02 21:00:00,16,AFVG13,1.8543
2026-05-02 22:00:00,16,AFVG13,2.2126
2026-05-02 23:00:00,16,AFVG13,1.9115
2026-05-03 00:00:00,16,AFVG13,2.0784
2026-05-03 01:00:00,16,AFVG13,2.2863
2026-05-03 02:00:00,16,AFVG13,2.3575
2026-05-03 03:00:00,16,AFVG13,2.125
2026-05-03 04:00:00,16,AFVG13,2.3689
2026-05-03 05:00:00,16,AFVG13,2.2646
2026-05-03 06:00:00,16,AFVG13,2.0936
2026-05-03 07:00:00,16,AFVG13,2.5957
2026-05-03 08:00:00,16,AFVG13,2.5402
2026-05-03 09:00:00,16,AFVG13,2.4669
2026-05-03 10:00:00,16,AFVG13,2.707
2026-05-03 11:00:00,16,AFVG13,2.806
2026-05-03 12:00:00,16,AFVG13,2.8625
2026-05-03 13:00:00,16,AFVG13,2.775
2026-05-03 14:00:00,16,AFVG13,2.9773
2026-05-03 15:00:00,16,AFVG13,3.1325
2026-05-03 16:00:00,16,AFVG13,3.2824
2026-05-03 17:00:00,16,AFVG13,3.2184
2026-05-03 18:00:00,16,AFVG13,3.168
2026-05-03 19:00:00,16,AFVG13,3.4715
2026-05-03 20:00:00,16,AFVG13,3.668
2026-05-03 21:00:00,16,AFVG13,3.4644
2026-05-03 22:00:00,16,AFVG13,3.697
2026-05-03 23:00:00,16,AFVG13,3.8414
2026-05-01 00:00:00,17,AFVG13,4.0871
2026-05-01 01:00:00,17,AFVG13,4.1578
2026-05-01 02:00:00,17,AFVG13,4.0197
2026-05-01 03:00:00,17,AFVG13,4.2026
2026-05-01 04:00:00,17,AFVG13,4.2017
2026-05-01 05:00:00,17,AFVG13,3.8752
2026-05-01 06:00:00,17,AFVG13,4.0394
2026-05-01 07:00:00,17,AFVG13,4.0148
2026-05-01 08:00:00,17,AFVG13,3.8567
2026-05-01 09:00:00,17,AFVG13,3.8832
2026-05-01 10:00:00,17,AFVG13,3.5981
2026-05-01 11:00:00,17,AFVG13,3.9664
2026-05-01 12:00:00,17,AFVG13,3.9417
2026-05-01 13:00:00,17,AFVG13,3.9358
2026-05-01 14:00:00,17,AFVG13,3.9091
2026-05-01 15:00:00,17,AFVG13,3.5547
2026-05-01 16:00:00,17,AFVG13,3.5556
2026-05-01 17:00:00,17,AFVG13,3.7413
2026-05-01 18:00:00,17,AFVG13,3.5983
2026-05-01 19:00:00,17,AFVG13,3.2494
2026-05-01 20:00:00,17,AFVG13,2.927
2026-05-01 21:00:00,17,AFVG13,3.1659
2026-05-01 22:00:00,17,AFVG13,2.9577
2026-05-01 23:00:00,17,AFVG13,3.0443
2026-05-02 00:00:00,17,AFVG13,3.0972
2026-05-02 01:00:00,17,AFVG13,2.6516
2026-05-02 02:00:00,17,AFVG13,2.8278
2026-05-02 03:00:00,17,AFVG13,2.5236
2026-05-02 04:00:00,17,AFVG13,2.9998
2026-05-02 05:00:00,17,AFVG13,2.5593
2026-05-02 06:00:00,17,AFVG13,2.5499
2026-05-02 07:00:00,17,AFVG13,2.2528
2026-05-02 08:00:00,17,AFVG13,2.0244
2026-05-02 09:00:00,17,AFVG13,2.1399
2026-05-02 10:00:00,17,AFVG13,2.0846
2026-05-02 11:00:00,17,AFVG13,2.3538
2026-05-02 12:00:00,17,AFVG13,1.9612
2026-05-02 13:00:00,17,AFVG13,2.2189
2026-05-02 14:00:00,17,AFVG13,2.1258
2026-05-02 15:00:00,17,AFVG13,2.0201
2026-05-02 16:00:00,17,AFVG13,1.6449
2026-05-02 17:00:00,17,AFVG13,1.9231
2026-05-02 18:00:00,17,AFVG13,2.1459
2026-05-02 19:00:00,17,AFVG13,2.0825
2026-05-02 20:00:00,17,AFVG13,2.0328
2026-05-02 21:00:00,17,AFVG13,1.8103
2026-05-02 22:00:00,17,AFVG13,2.0669
2026-05-02 23:00:00,17,AFVG13,2.1148
2026-05-03 00:00:00,17,AFVG13,2.039
2026-05-03 01:00:00,17,AFVG13,2.2182
2026-05-03 02:00:00,17,AFVG13,2.0939
2026-05-03 03:00:00,17,AFVG13,1.9521
2026-05-03 04:00:00,17,AFVG13,2.2147
2026-05-03 05:00:00,17,AFVG13,2.2704
2026-05-03 06:00:00,17,AFVG13,2.6238
2026-05-03 07:00:00,17,AFVG13,2.6199
2026-05-03 08:00:00,17,AFVG13,2.5787
2026-05-03 09:00:00,17,AFVG13,2.5815
2026-05-03 10:00:00,17,AFVG13,2.8268
2026-05-03 11:00:00,17,AFVG13,3.0485
2026-05-03 12:00:00,17,AFVG13,2.7619
2026-05-03 13:00:00,17,AFVG13,2.8943
2026-05-03 14:00:00,17,AFVG13,3.246
2026-05-03 15:00:00,17,AFVG13,3.2283
2026-05-03 16:00:00,17,AFVG13,3.1721
2026-05-03 17:00:00,17,AFVG13,3.4912
2026-05-03 18:00:00,17,AFVG13,3.4784
2026-05-03 19:00:00,17,AFVG13,3.3293
2026-05-03 20:00:00,17,AFVG13,3.5838
2026-05-03 21:00:00,17,AFVG13,3.6095
2026-05-03 22:00:00,17,AFVG13,3.9223
2026-05-03 23:00:00,17,AFVG13,3.8246
2026-05-01 00:00:00,18,AFVG13,4.0246
2026-05-01 01:00:00,18,AFVG13,3.9942
2026-05-01 02:00:00,18,AFVG13,4.0678
2026-05-01 03:00:00,18,AFVG13,3.7898
2026-05-01 04:00:00,18,AFVG13,3.7816
2026-05-01 05:00:00,18,AFVG13,4.0528
2026-05-01 06:00:00,18,AFVG13,4.0421
2026-05-01 07:00:00,18,AFVG13,3.9026
2026-05-01 08:00:00,18,AFVG13,3.6376
2026-05-01 09:00:00,18,AFVG13,3.7419
2026-05-01 10:00:00,18,AFVG13,3.9472
2026-05-01 11:00:00,18,AFVG13,3.841
2026-05-01 12:00:00,18,AFVG13,3.6755
2026-05-01 13:00:00,18,AFVG13,3.5768
2026-05-01 14:00:00,18,AFVG13,3.6955
2026-05-01 15:00:00,18,AFVG13,3.5678
2026-05-01 16:00:00,18,AFVG13,3.4973
2026-05-01 17:00:00,18,AFVG13,3.3727
2026-05-01 18:00:00,18,AFVG13,3.3949
2026-05-01 19:00:00,18,AFVG13,3.3363
2026-05-01 20:00:00,18,AFVG13,3.1193
2026-05-01 21:00:00,18,AFVG13,3.3806
2026-05-01 22:00:00,18,AFVG13,2.9599
2026-05-01 23:00:00,18,AFVG13,2.9899
2026-05-02 00:00:00,18,AFVG13,2.6491
2026-05-02 01:00:00,18,AFVG13,2.6498
2026-05-02 02:00:00,18,AFVG13,2.8568
2026-05-02 03:00:00,18,AFVG13,2.7488
2026-05-02 04:00:00,18,AFVG13,2.5957
2026-05-02 05:00:00,18,AFVG13,2.3892
2026-05-02 06:00:00,18,AFVG13,2.4733
2026-05-02 07:00:00,18,AFVG13,2.2055
2026-05-02 08:00:00,18,AFVG13,2.4536
2026-05-02 09:00:00,18,AFVG13,1.8424
2026-05-02 10:00:00,18,AFVG13,2.1278
2026-05-02 11:00:00,18,AFVG13,2.0205
2026-05-02 12:00:00,18,AFVG13,2.2948
2026-05-02 13:00:00,18,AFVG13,2.0376
2026-05-02 14:00:00,18,AFVG13,2.2261
2026-05-02 15:00:00,18,AFVG13,2.2373
2026-05-02 16:00:00,18,AFVG13,2.0753
2026-05-02 17:00:00,18,AFVG13,1.7549
2026-05-02 18:00:00,18,AFVG13,1.8881
2026-05-02 19:00:00,18,AFVG13,1.9337
2026-05-02 20:00:00,18,AFVG13,2.0829
2026-05-02 21:00:00,18,AFVG13,2.1009
2026-05-02 22:00:00,18,AFVG13,1.8722
2026-05-02 23:00:00,18,AFVG13,2.2235
2026-05-03 00:00:00,18,AFVG13,1.994
2026-05-03 01:00:00,18,AFVG13,2.1394
2026-05-03 02:00:00,18,AFVG13,2.283
2026-05-03 03:00:00,18,AFVG13,2.2821
2026-05-03 04:00:00,18,AFVG13,2.5989
2026-05-03 05:00:00,18,AFVG13,2.6009
2026-05-03 06:00:00,18,AFVG13,2.3025
2026-05-03 07:00:00,18,AFVG13,2.4053
2026-05-03 08:00:00,18,AFVG13,2.8235
2026-05-03 09:00:00,18,AFVG13,2.7472
2026-05-03 10:00:00,18,AFVG13,2.9055
2026-05-03 11:00:00,18,AFVG13,2.8974
2026-05-03 12:00:00,18,AFVG13,3.1614
2026-05-03 13:00:00,18,AFVG13,3.1759
2026-05-03 14:00:00,18,AFVG13,3.261
2026-05-03 15:00:00,18,AFVG13,3.1234
2026-05-03 16:00:00,18,AFVG13,3.3963
2026-05-03 17:00:00,18,AFVG13,3.1419
2026-05-03 18:00:00,18,AFVG13,3.4228
2026-05-03 19:00:00,18,AFVG13,3.436
2026-05-03 20:00:00,18,AFVG13,3.4835
2026-05-03 21:00:00,18,AFVG13,3.524
2026-05-03 22:00:00,18,AFVG13,3.4232
2026-05-03 23:00:00,18,AFVG13,3.965
2026-05-01 00:00:00,19,AFVG13,3.9392
2026-05-01 01:00:00,19,AFVG13,3.961
2026-05-01 02:00:00,19,AFVG13,4.0724
2026-05-01 03:00:00,19,AFVG13,4.1597
2026-05-01 04:00:00,19,AFVG13,4.1962
2026-05-01 05:00:00,19,AFVG13,3.9198
2026-05-01 06:00:00,19,AFVG13,3.9948
2026-05-01 07:00:00,19,AFVG13,3.8061
2026-05-01 08:00:00,19,AFVG13,4.0206
2026-05-01 09:00:00,19,AFVG13,3.8763
2026-05-01 10:00:00,19,AFVG13,3.9659
2026-05-01 11:00:00,19,AFVG13,3.9043
2026-05-01 12:00:00,19,AFVG13,3.8426
2026-05-01 13:00:00,19,AFVG13,3.746
2026-05-01 14:00:00,19,AFVG13,3.6142
2026-05-01 15:00:00,19,AFVG13,3.3461
2026-05-01 16:00:00,19,AFVG13,3.5096
2026-05-01 17:00:00,19,AFVG13,3.6373
2026-05-01 18:00:00,19,AFVG13,3.2415
2026-05-01 19:00:00,19,AFVG13,3.1247
2026-05-01 20:00:00,19,AFVG13,3.2371
2026-05-01 21:00:00,19,AFVG13,3.3127
2026-05-01 22:00:00,19,AFVG13,2.8221
2026-05-01 23:00:00,19,AFVG13,2.5327
2026-05-02 00:00:00,19,AFVG13,2.7205
2026-05-02 01:00:00,19,AFVG13,2.7465
2026-05-02 02:00:00,19,AFVG13,2.6309
2026-05-02 03:00:00,19,AFVG13,2.5365
2026-05-02 04:00:00,19,AFVG13,2.4262
2026-05-02 05:00:00,19,AFVG13,2.3341
2026-05-02 06:00:00,19,AFVG13,2.2406
2026-05-02 07:00:00,19,AFVG13,2.3566
2026-05-02 08:00:00,19,AFVG13,2.3313
2026-05-02 09:00:00,19,AFVG13,1.9556
2026-05-02 10:00:00,19,AFVG13,2.3843
2026-05-02 11:00:00,19,AFVG13,2.1727
2026-05-02 12:00:00,19,AFVG13,2.1553
2026-05-02 13:00:00,19,AFVG13,2.002
2026-05-02 14:00:00,19,AFVG13,2.0614
2026-05-02 15:00:00,19,AFVG13,1.8402
2026-05-02 16:00:00,19,AFVG13,2.2387
2026-05-02 17:00:00,19,AFVG13,2.2128
2026-05-02 18:00:00,19,AFVG13,1.971
2026-05-02 19:00:00,19,AFVG13,1.8223
2026-05-02 20:00:00,19,AFVG13,1.9943
2026-05-02 21:00:00,19,AFVG13,2.1555
2026-05-02 22:00:00,19,AFVG13,2.0409
2026-05-02 23:00:00,19,AFVG13,2.02
2026-05-03 00:00:00,19,AFVG13,2.2089
2026-05-03 01:00:00,19,AFVG13,2.1047
2026-05-03 02:00:00,19,AFVG13,2.4924
2026-05-03 03:00:00,19,AFVG13,2.4952
2026-05-03 04:00:00,19,AFVG13,2.5187
2026-05-03 05:00:00,19,AFVG13,2.3827
2026-05-03 06:00:00,19,AFVG13,2.5932
2026-05-03 07:00:00,19,AFVG13,2.8049
2026-05-03 08:00:00,19,AFVG13,2.4034
2026-05-03 09:00:00,19,AFVG13,2.8291
2026-05-03 10:00:00,19,AFVG13,3.0914
2026-05-03 11:00:00,19,AFVG13,3.2352
2026-05-03 12:00:00,19,AFVG13,2.9042
2026-05-03 13:00:00,19,AFVG13,3.1712
2026-05-03 14:00:00,19,AFVG13,3.3685
2026-05-03 15:00:00,19,AFVG13,3.4734
2026-05-03 16:00:00,19,AFVG13,3.0951
2026-05-03 17:00:00,19,AFVG13,3.1456
2026-05-03 18:00:00,19,AFVG13,3.5431
2026-05-03 19:00:00,19,AFVG13,3.664
2026-05-03 20:00:00,19,AFVG13,3.6358
2026-05-03 21:00:00,19,AFVG13,3.666
2026-05-03 22:00:00,19,AFVG13,3.9625
2026-05-03 23:00:00,19,AFVG13,4.0428
2026-05-01 00:00:00,20,AFVG13,3.8966
2026-05-01 01:00:00,20,AFVG13,4.0198
2026-05-01 02:00:00,20,AFVG13,3.8265
2026-05-01 03:00:00,20,AFVG13,4.2572
2026-05-01 04:00:00,20,AFVG13,3.7762
2026-05-01 05:00:00,20,AFVG13,3.8094
2026-05-01 06:00:00,20,AFVG13,3.8128
2026-05-01 07:00:00,20,AFVG13,3.7588
2026-05-01 08:00:00,20,AFVG13,4.0712
2026-05-01 09:00:00,20,AFVG13,4.1851
2026-05-01 10:00:00,20,AFVG13,3.8275
2026-05-01 11:00:00,20,AFVG13,3.6841
2026-05-01 12:00:00,20,AFVG13,3.7837
2026-05-01 13:00:00,20,AFVG13,3.4757
2026-05-01 14:00:00,20,AFVG13,3.7444
2026-05-01 15:00:00,20,AFVG13,3.4666
2026-05-01 16:00:00,20,AFVG13,3.4601
2026-05-01 17:00:00,20,AFVG13,3.2155
2026-05-01 18:00:00,20,AFVG13,3.2086
2026-05-01 19:00:00,20,AFVG13,2.9147
2026-05-01 20:00:00,20,AFVG13,3.0777
2026-05-01 21:00:00,20,AFVG13,3.1251
2026-05-01 22:00:00,20,AFVG13,2.6307
2026-05-01 23:00:00,20,AFVG13,2.6743
2026-05-02 00:00:00,20,AFVG13,2.673
2026-05-02 01:00:00,20,AFVG13,2.6184
2026-05-02 02:00:00,20,AFVG13,2.5741
2026-05-02 03:00:00,20,AFVG13,2.5065
2026-05-02 04:00:00,20,AFVG13,2.4848
2026-05-02 05:00:00,20,AFVG13,2.3697
2026-05-02 06:00:00,20,AFVG13,2.0599
2026-05-02 07:00:00,20,AFVG13,2.3013
2026-05-02 08:00:00,20,AFVG13,2.3818
2026-05-02 09:00:00,20,AFVG13,2.1927
2026-05-02 10:00:00,20,AFVG13,1.8465
2026-05-02 11:00:00,20,AFVG13,2.1121
2026-05-02 12:00:00,20,AFVG13,2.1197
2026-05-02 13:00:00,20,AFVG13,1.8777
2026-05-02 14:00:00,20,AFVG13,2.022
2026-05-02 15:00:00,20,AFVG13,2.1934
2026-05-02 16:00:00,20,AFVG13,2.2428
2026-05-02 17:00:00,20,AFVG13,2.0244
2026-05-02 18:00:00,20,AFVG13,2.0937
2026-05-02 19:00:00,20,AFVG13,2.0117
2026-05-02 20:00:00,20,AFVG13,2.0006
2026-05-02 21:00:00,20,AFVG13,2.302
2026-05-02 22:00:00,20,AFVG13,2.277
2026-05-02 23:00:00,20,AFVG13,2.2696
2026-05-03 00:00:00,20,AFVG13,2.1483
2026-05-03 01:00:00,20,AFVG13,2.5028
2026-05-03 02:00:00,20,AFVG13,2.4993
2026-05-03 03:00:00,20,AFVG13,2.2145
2026-05-03 04:00:00,20,AFVG13,2.6407
2026-05-03 05:00:00,20,AFVG13,2.5755
2026-05-03 06:00:00,20,AFVG13,2.6679
2026-05-03 07:00:00,20,AFVG13,2.4021
2026-05-03 08:00:00,20,AFVG13,2.5657
2026-05-03 09:00:00,20,AFVG13,3.0156
2026-05-03 10:00:00,20,AFVG13,2.8351
2026-05-03 11:00:00,20,AFVG13,3.1553
2026-05-03 12:00:00,20,AFVG13,2.9175
2026-05-03 13:00:00,20,AFVG13,2.9775
2026-05-03 14:00:00,20,AFVG13,3.5663
2026-05-03 15:00:00,20,AFVG13,3.4951
2026-05-03 16:00:00,20,AFVG13,3.4158
2026-05-03 17:00:00,20,AFVG13,3.5421
2026-05-03 18:00:00,20,AFVG13,3.4722
2026-05-03 19:00:00,20,AFVG13,3.6977
2026-05-03 20:00:00,20,AFVG13,3.8827
2026-05-03 21:00:00,20,AFVG13,3.7
2026-05-03 22:00:00,20,AFVG13,3.8863
2026-05-03 23:00:00,20,AFVG13,3.6053
2026-05-01 00:00:00,21,AFVG13,4.2652
2026-05-01 01:00:00,21,AFVG13,4.1505
2026-05-01 02:00:00,21,AFVG13,3.9933
2026-05-01 03:00:00,21,AFVG13,3.9387
2026-05-01 04:00:00,21,AFVG13,4.1847
2026-05-01 05:00:00,21,AFVG13,3.8748
2026-05-01 06:00:00,21,AFVG13,3.9768
2026-05-01 07:00:00,21,AFVG13,3.8387
2026-05-01 08:00:00,21,AFVG13,3.7057
2026-05-01 09:00:00,21,AFVG13,3.9524
2026-05-01 10:00:00,21,AFVG13,3.6816
2026-05-01 11:00:00,21,AFVG13,3.7549
2026-05-01 12:00:00,21,AFVG13,3.5701
2026-05-01 13:00:00,21,AFVG13,3.5347
2026-05-01 14:00:00,21,AFVG13,3.4581
2026-05-01 15:00:00,21,AFVG13,3.311
2026-05-01 16:00:00,21,AFVG13,3.4418
2026-05-01 17:00:00,21,AFVG13,3.2392
2026-05-01 18:00:00,21,AFVG13,3.3002
2026-05-01 19:00:00,21,AFVG13,3.2002
2026-05-01 20:00:00,21,AFVG13,3.1883
2026-05-01 21:00:00,21,AFVG13,2.8479
2026-05-01 22:00:00,21,AFVG13,2.9385
2026-05-01 23:00:00,21,AFVG13,2.7312
2026-05-02 00:00:00,21,AFVG13,2.6741
2026-05-02 01:00:00,21,AFVG13,2.4926
2026-05-02 02:00:00,21,AFVG13,2.4537
2026-05-02 03:00:00,21,AFVG13,2.5478
2026-05-02 04:00:00,21,AFVG13,2.3342
2026-05-02 05:00:00,21,AFVG13,2.2126
2026-05-02 06:00:00,21,AFVG13,2.3904
2026-05-02 07:00:00,21,AFVG13,2.263
2026-05-02 08:00:00,21,AFVG13,1.9784
2026-05-02 09:00:00,21,AFVG13,2.1347
2026-05-02 10:00:00,21,AFVG13,2.2517
2026-05-02 11:00:00,21,AFVG13,2.217
2026-05-02 12:00:00,21,AFVG13,1.9487
2026-05-02 13:00:00,21,AFVG13,1.846
2026-05-02 14:00:00,21,AFVG13,1.948
2026-05-02 15:00:00,21,AFVG13,2.2016
2026-05-02 16:00:00,21,AFVG13,2.1157
2026-05-02 17:00:00,21,AFVG13,1.6711
2026-05-02 18:00:00,21,AFVG13,2.1618
2026-05-02 19:00:00,21,AFVG13,1.7249
2026-05-02 20:00:00,21,AFVG13,2.3785
2026-05-02 21:00:00,21,AFVG13,2.2529
2026-05-02 22:00:00,21,AFVG13,2.1104
2026-05-02 23:00:00,21,AFVG13,2.2349
2026-05-03 00:00:00,21,AFVG13,2.3727
2026-05-03 01:00:00,21,AFVG13,2.2592
2026-05-03 02:00:00,21,AFVG13,2.4671
2026-05-03 03:00:00,21,AFVG13,2.4467
2026-05-03 04:00:00,21,AFVG13,2.5007
2026-05-03 05:00:00,21,AFVG13,2.8425
2026-05-03 06:00:00,21,AFVG13,2.3861
2026-05-03 07:00:00,21,AFVG13,2.7792
2026-05-03 08:00:00,21,AFVG13,2.645
2026-05-03 09:00:00,21,AFVG13,2.9095
2026-05-03 10:00:00,21,AFVG13,2.9139
2026-05-03 11:00:00,21,AFVG13,3.4852
2026-05-03 12:00:00,21,AFVG13,3.1086
2026-05-03 13:00:00,21,AFVG13,3.2463
2026-05-03 14:00:00,21,AFVG13,3.2534
2026-05-03 15:00:00,21,AFVG13,3.5565
2026-05-03 16:00:00,21,AFVG13,3.4205
2026-05-03 17:00:00,21,AFVG13,3.4693
2026-05-03 18:00:00,21,AFVG13,3.9146
2026-05-03 19:00:00,21,AFVG13,3.8134
2026-05-03 20:00:00,21,AFVG13,3.7939
2026-05-03 21:00:00,21,AFVG13,4.1675
2026-05-03 22:00:00,21,AFVG13,3.7572
2026-05-03 23:00:00,21,AFVG13,3.7709
2026-05-01 00:00:00,22,AFVG13,3.8805
2026-05-01 01:00:00,22,AFVG13,4.1791
2026-05-01 02:00:00,22,AFVG13,3.898
2026-05-01 03:00:00,22,AFVG13,4.1546
2026-05-01 04:00:00,22,AFVG13,3.8602
2026-05-01 05:00:00,22,AFVG13,3.6543
2026-05-01 06:00:00,22,AFVG13,3.7717
2026-05-01 07:00:00,22,AFVG13,3.8943
2026-05-01 08:00:00,22,AFVG13,3.9834
2026-05-01 09:00:00,22,AFVG13,3.9475
2026-05-01 10:00:00,22,AFVG13,3.7498
2026-05-01 11:00:00,22,AFVG13,3.7352
2026-05-01 12:00:00,22,AFVG13,3.1693
2026-05-01 13:00:00,22,AFVG13,3.5348
2026-05-01 14:00:00,22,AFVG13,3.4271
2026-05-01 15:00:00,22,AFVG13,3.298
2026-05-01 16:00:00,22,AFVG13,3.1652
2026-05-01 17:00:00,22,AFVG13,3.3158
2026-05-01 18:00:00,22,AFVG13,3.2723
2026-05-01 19:00:00,22,AFVG13,3.3129
2026-05-01 20:00:00,22,AFVG13,2.9058
2026-05-01 21:00:00,22,AFVG13,2.7327
2026-05-01 22:00:00,22,AFVG13,3.0531
2026-05-01 23:00:00,22,AFVG13,2.6421
2026-05-02 00:00:00,22,AFVG13,2.534
2026-05-02 01:00:00,22,AFVG13,2.3286
2026-05-02 02:00:00,22,AFVG13,2.5275
2026-05-02 03:00:00,22,AFVG13,2.4869
2026-05-02 04:00:00,22,AFVG13,2.4584
2026-05-02 05:00:00,22,AFVG13,2.3057
2026-05-02 06:00:00,22,AFVG13,2.2993
2026-05-02 07:00:00,22,AFVG13,2.2517
2026-05-02 08:00:00,22,AFVG13,2.2023
2026-05-02 09:00:00,22,AFVG13,2.2647
2026-05-02 10:00:00,22,AFVG13,2.1848
2026-05-02 11:00:00,22,AFVG13,2.0608
2026-05-02 12:00:00,22,AFVG13,1.9342
2026-05-02 13:00:00,22,AFVG13,2.1244
2026-05-02 14:00:00,22,AFVG13,1.9134
2026-05-02 15:00:00,22,AFVG13,1.9809
2026-05-02 16:00:00,22,AFVG13,1.9055
2026-05-02 17:00:00,22,AFVG13,2.3496
2026-05-02 18:00:00,22,AFVG13,1.9075
2026-05-02 19:00:00,22,AFVG13,2.1828
2026-05-02 20:00:00,22,AFVG13,2.2211
2026-05-02 21:00:00,22,AFVG13,2.2937
2026-05-02 22:00:00,22,AFVG13,2.2046
2026-05-02 23:00:00,22,AFVG13,2.277
2026-05-03 00:00:00,22,AFVG13,2.2938
2026-05-03 01:00:00,22,AFVG13,1.9793
2026-05-03 02:00:00,22,AFVG13,2.3403
2026-05-03 03:00:00,22,AFVG13,2.7312
2026-05-03 04:00:00,22,AFVG13,2.4791
2026-05-03 05:00:00,22,AFVG13,2.6995
2026-05-03 06:00:00,22,AFVG13,3.1548
2026-05-03 07:00:00,22,AFVG13,2.6956
2026-05-03 08:00:00,22,AFVG13,2.8479
2026-05-03 09:00:00,22,AFVG13,2.969
2026-05-03 10:00:00,22,AFVG13,2.7903
2026-05-03 11:00:00,22,AFVG13,3.0424
2026-05-03 12:00:00,22,AFVG13,3.0397
2026-05-03 13:00:00,22,AFVG13,3.4152
2026-05-03 14:00:00,22,AFVG13,3.3739
2026-05-03 15:00:00,22,AFVG13,3.1655
2026-05-03 16:00:00,22,AFVG13,3.678
2026-05-03 17:00:00,22,AFVG13,3.7695
2026-05-03 18:00:00,22,AFVG13,3.6324
2026-05-03 19:00:00,22,AFVG13,3.8867
2026-05-03 20:00:00,22,AFVG13,3.8858
2026-05-03 21:00:00,22,AFVG13,3.708
2026-05-03 22:00:00,22,AFVG13,3.9289
2026-05-03 23:00:00,22,AFVG13,3.9498
2026-05-01 00:00:00,23,AFVG13,3.874
2026-05-01 01:00:00,23,AFVG13,3.8385
2026-05-01 02:00:00,23,AFVG13,4.0401
2026-05-01 03:00:00,23,AFVG13,4.3045
2026-05-01 04:00:00,23,AFVG13,3.9258
2026-05-01 05:00:00,23,AFVG13,3.9294
2026-05-01 06:00:00,23,AFVG13,3.7
2026-05-01 07:00:00,23,AFVG13,3.7735
2026-05-01 08:00:00,23,AFVG13,3.7307
2026-05-01 09:00:00,23,AFVG13,3.6479
2026-05-01 10:00:00,23,AFVG13,3.5445
2026-05-01 11:00:00,23,AFVG13,3.5696
2026-05-01 12:00:00,23,AFVG13,3.4225
2026-05-01 13:00:00,23,AFVG13,3.6196
2026-05-01 14:00:00,23,AFVG13,3.6644
2026-05-01 15:00:00,23,AFVG13,3.1637
2026-05-01 16:00:00,23,AFVG13,3.1424
2026-05-01 17:00:00,23,AFVG13,3.1797
2026-05-01 18:00:00,23,AFVG13,3.1191
2026-05-01 19:00:00,23,AFVG13,2.8338
2026-05-01 20:00:00,23,AFVG13,2.7797
2026-05-01 21:00:00,23,AFVG13,2.8713
2026-05-01 22:00:00,23,AFVG13,2.4571
2026-05-01 23:00:00,23,AFVG13,2.9566
2026-05-02 00:00:00,23,AFVG13,2.5938
2026-05-02 01:00:00,23,AFVG13,2.4302
2026-05-02 02:00:00,23,AFVG13,2.3842
2026-05-02 03:00:00,23,AFVG13,2.1808
2026-05-02 04:00:00,23,AFVG13,2.5518
2026-05-02 05:00:00,23,AFVG13,2.2135
2026-05-02 06:00:00,23,AFVG13,2.1108
2026-05-02 07:00:00,23,AFVG13,2.3953
2026-05-02 08:00:00,23,AFVG13,2.2482
2026-05-02 09:00:00,23,AFVG13,2.0323
2026-05-02 10:00:00,23,AFVG13,2.1014
2026-05-02 11:00:00,23,AFVG13,1.9674
2026-05-02 12:00:00,23,AFVG13,1.9509
2026-05-02 13:00:00,23,AFVG13,1.967
2026-05-02 14:00:00,23,AFVG13,2.0467
2026-05-02 15:00:00,23,AFVG13,2.1751
2026-05-02 16:00:00,23,AFVG13,2.3232
2026-05-02 17:00:00,23,AFVG13,1.7231
2026-05-02 18:00:00,23,AFVG13,2.4264
2026-05-02 19:00:00,23,AFVG13,2.2671
2026-05-02 20:00:00,23,AFVG13,2.1575
2026-05-02 21:00:00,23,AFVG13,2.138
2026-05-02 22:00:00,23,AFVG13,1.9752
2026-05-02 23:00:00,23,AFVG13,2.4928
2026-05-03 00:00:00,23,AFVG13,2.2123
2026-05-03 01:00:00,23,AFVG13,2.5415
2026-05-03 02:00:00,23,AFVG13,2.4527
2026-05-03 03:00:00,23,AFVG13,2.3455
2026-05-03 04:00:00,23,AFVG13,2.7294
2026-05-03 05:00:00,23,AFVG13,2.8192
2026-05-03 06:00:00,23,AFVG13,2.6873
2026-05-03 07:00:00,23,AFVG13,3.0392
2026-05-03 08:00:00,23,AFVG13,3.2643
2026-05-03 09:00:00,23,AFVG13,3.1503
2026-05-03 10:00:00,23,AFVG13,3.2242
2026-05-03 11:00:00,23,AFVG13,3.131
2026-05-03 12:00:00,23,AFVG13,3.1651
2026-05-03 13:00:00,23,AFVG13,3.3378
2026-05-03 14:00:00,23,AFVG13,3.484
2026-05-03 15:00:00,23,AFVG13,3.5471
2026-05-03 16:00:00,23,AFVG13,3.5834
2026-05-03 17:00:00,23,AFVG13,4.0506
2026-05-03 18:00:00,23,AFVG13,3.8214
2026-05-03 19:00:00,23,AFVG13,3.6431
2026-05-03 20:00:00,23,AFVG13,3.6578
2026-05-03 21:00:00,23,AFVG13,3.6197
2026-05-03 22:00:00,23,AFVG13,3.7654
2026-05-03 23:00:00,23,AFVG13,4.0337
2026-05-01 00:00:00,24,AFVG13,3.9513
2026-05-01 01:00:00,24,AFVG13,3.8776
2026-05-01 02:00:00,24,AFVG13,4.0506
2026-05-01 03:00:00,24,AFVG13,4.0186
2026-05-01 04:00:00,24,AFVG13,3.9594
2026-05-01 05:00:00,24,AFVG13,3.8629
2026-05-01 06:00:00,24,AFVG13,3.8146
2026-05-01 07:00:00,24,AFVG13,3.5718
2026-05-01 08:00:00,24,AFVG13,3.437
2026-05-01 09:00:00,24,AFVG13,3.5321
2026-05-01 10:00:00,24,AFVG13,3.4694
2026-05-01 11:00:00,24,AFVG13,3.3955
2026-05-01 12:00:00,24,AFVG13,3.4194
2026-05-01 13:00:00,24,AFVG13,3.2982
2026-05-01 14:00:00,24,AFVG13,3.095
2026-05-01 15:00:00,24,AFVG13,3.1946
2026-05-01 16:00:00,24,AFVG13,3.1783
2026-05-01 17:00:00,24,AFVG13,2.971
2026-05-01 18:00:00,24,AFVG13,3.0845
2026-05-01 19:00:00,24,AFVG13,2.9259
2026-05-01 20:00:00,24,AFVG13,2.8548
2026-05-01 21:00:00,24,AFVG13,2.6595
2026-05-01 22:00:00,24,AFVG13,2.6988
2026-05-01 23:00:00,24,AFVG13,2.6628
2026-05-02 00:00:00,24,AFVG13,2.1978
2026-05-02 01:00:00,24,AFVG13,2.5778
2026-05-02 02:00:00,24,AFVG13,2.2752
2026-05-02 03:00:00,24,AFVG13,2.3884
2026-05-02 04:00:00,24,AFVG13,1.8886
2026-05-02 05:00:00,24,AFVG13,2.1185
2026-05-02 06:00:00,24,AFVG13,1.8836
2026-05-02 07:00:00,24,AFVG13,2.0769
2026-05-02 08:00:00,24,AFVG13,2.0934
2026-05-02 09:00:00,24,AFVG13,2.1007
2026-05-02 10:00:00,24,AFVG13,2.0228
2026-05-02 11:00:00,24,AFVG13,1.8188
2026-05-02 12:00:00,24,AFVG13,2.1959
2026-05-02 13:00:00,24,AFVG13,1.7995
2026-05-02 14:00:00,24,AFVG13,1.9586
2026-05-02 15:00:00,24,AFVG13,1.9071
2026-05-02 16:00:00,24,AFVG13,1.9546
2026-05-02 17:00:00,24,AFVG13,1.8625
2026-05-02 18:00:00,24,AFVG13,2.2702
2026-05-02 19:00:00,24,AFVG13,2.2599
2026-05-02 20:00:00,24,AFVG13,2.2052
2026-05-02 21:00:00,24,AFVG13,2.225
2026-05-02 22:00:00,24,AFVG13,2.16
2026-05-02 23:00:00,24,AFVG13,2.3496
2026-05-03 00:00:00,24,AFVG13,2.2965
2026-05-03 01:00:00,24,AFVG13,2.5162
2026-05-03 02:00:00,24,AFVG13,2.6363
2026-05-03 03:00:00,24,AFVG13,2.617
2026-05-03 04:00:00,24,AFVG13,2.7933
2026-05-03 05:00:00,24,AFVG13,2.9021
2026-05-03 06:00:00,24,AFVG13,3.0177
2026-05-03 07:00:00,24,AFVG13,3.2764
2026-05-03 08:00:00,24,AFVG13,2.8493
2026-05-03 09:00:00,24,AFVG13,2.9612
2026-05-03 10:00:00,24,AFVG13,3.0456
2026-05-03 11:00:00,24,AFVG13,3.2787
2026-05-03 12:00:00,24,AFVG13,3.1473
2026-05-03 13:00:00,24,AFVG13,3.3823
2026-05-03 14:00:00,24,AFVG13,3.6598
2026-05-03 15:00:00,24,AFVG13,3.712
2026-05-03 16:00:00,24,AFVG13,3.9129
2026-05-03 17:00:00,24,AFVG13,3.8547
2026-05-03 18:00:00,24,AFVG13,3.9333
2026-05-03 19:00:00,24,AFVG13,3.7512
2026-05-03 20:00:00,24,AFVG13,3.8203
2026-05-03 21:00:00,24,AFVG13,4.0433
2026-05-03 22:00:00,24,AFVG13,4.0713
2026-05-03 23:00:00,24,AFVG13,3.6796
2026-05-01 00:00:00,25,AFVG13,3.7757
2026-05-01 01:00:00,25,AFVG13,3.8191
2026-05-01 02:00:00,25,AFVG13,3.8118
2026-05-01 03:00:00,25,AFVG13,4.1069
2026-05-01 04:00:00,25,AFVG13,4.1424
2026-05-01 05:00:00,25,AFVG13,3.8772
2026-05-01 06:00:00,25,AFVG13,3.8292
2026-05-01 07:00:00,25,AFVG13,4.0144
2026-05-01 08:00:00,25,AFVG13,3.7304
2026-05-01 09:00:00,25,AFVG13,3.6823
2026-05-01 10:00:00,25,AFVG13,3.5856
2026-05-01 11:00:00,25,AFVG13,3.5134
2026-05-01 12:00:00,25,AFVG13,3.584
2026-05-01 13:00:00,25,AFVG13,3.4124
2026-05-01 14:00:00,25,AFVG13,3.2358
2026-05-01 15:00:00,25,AFVG13,3.0821
2026-05-01 16:00:00,25,AFVG13,3.0972
2026-05-01 17:00:00,25,AFVG13,2.7255
2026-05-01 18:00:00,25,AFVG13,2.9609
2026-05-01 19:00:00,25,AFVG13,2.8283
2026-05-01 20:00:00,25,AFVG13,2.7765
2026-05-01 21:00:00,25,AFVG13,2.4757
2026-05-01 22:00:00,25,AFVG13,2.6428
2026-05-01 23:00:00,25,AFVG13,2.5262
2026-05-02 00:00:00,25,AFVG13,2.4274
2026-05-02 01:00:00,25,AFVG13,2.4176
2026-05-02 02:00:00,25,AFVG13,2.1758
2026-05-02 03:00:00,25,AFVG13,2.0247
2026-05-02 04:00:00,25,AFVG13,2.2595
2026-05-02 05:00:00,25,AFVG13,1.815
2026-05-02 06:00:00,25,AFVG13,2.1943
2026-05-02 07:00:00,25,AFVG13,2.3811
2026-05-02 08:00:00,25,AFVG13,2.099
2026-05-02 09:00:00,25,AFVG13,2.1505
2026-05-02 10:00:00,25,AFVG13,2.2525
2026-05-02 11:00:00,25,AFVG13,2.1577
2026-05-02 12:00:00,25,AFVG13,2.3423
2026-05-02 13:00:00,25,AFVG13,1.8766
2026-05-02 14:00:00,25,AFVG13,1.9696
2026-05-02 15:00:00,25,AFVG13,2.1136
2026-05-02 16:00:00,25,AFVG13,1.8258
2026-05-02 17:00:00,25,AFVG13,2.1005
2026-05-02 18:00:00,25,AFVG13,2.1511
2026-05-02 19:00:00,25,AFVG13,2.3814
2026-05-02 20:00:00,25,AFVG13,2.398
2026-05-02 21:00:00,25,AFVG13,2.4094
2026-05-02 22:00:00,25,AFVG13,2.4604
2026-05-02 23:00:00,25,AFVG13,2.431
2026-05-03 00:00:00,25,AFVG13,2.5355
2026-05-03 01:00:00,25,AFVG13,2.6791
2026-05-03 02:00:00,25,AFVG13,2.7934
2026-05-03 03:00:00,25,AFVG13,2.6127
2026-05-03 04:00:00,25,AFVG13,2.8689
2026-05-03 05:00:00,25,AFVG13,2.8724
2026-05-03 06:00:00,25,AFVG13,3.0067
2026-05-03 07:00:00,25,AFVG13,3.2233
2026-05-03 08:00:00,25,AFVG13,3.0955
2026-05-03 09:00:00,25,AFVG13,3.0768
2026-05-03 10:00:00,25,AFVG13,3.159
2026-05-03 11:00:00,25,AFVG13,3.2882
2026-05-03 12:00:00,25,AFVG13,3.5415
2026-05-03 13:00:00,25,AFVG13,3.498
2026-05-03 14:00:00,25,AFVG13,3.5022
2026-05-03 15:00:00,25,AFVG13,3.7729
2026-05-03 16:00:00,25,AFVG13,3.7415
2026-05-03 17:00:00,25,AFVG13,3.878
2026-05-03 18:00:00,25,AFVG13,4.152
2026-05-03 19:00:00,25,AFVG13,4.1497
2026-05-03 20:00:00,25,AFVG13,3.9576
2026-05-03 21:00:00,25,AFVG13,3.9888
2026-05-03 22:00:00,25,AFVG13,4.1306
2026-05-03 23:00:00,25,AFVG13,4.1742
2026-05-01 00:00:00,26,AFVG13,3.9154
2026-05-01 01:00:00,26,AFVG13,3.7615
2026-05-01 02:00:00,26,AFVG13,4.0442
2026-05-01 03:00:00,26,AFVG13,3.9117
2026-05-01 04:00:00,26,AFVG13,3.9266
2026-05-01 05:00:00,26,AFVG13,3.8678
2026-05-01 06:00:00,26,AFVG13,3.6275
2026-05-01 07:00:00,26,AFVG13,3.5965
2026-05-01 08:00:00,26,AFVG13,3.7698
2026-05-01 09:00:00,26,AFVG13,3.5167
2026-05-01 10:00:00,26,AFVG13,3.3519
2026-05-01 11:00:00,26,AFVG13,3.3526
2026-05-01 12:00:00,26,AFVG13,3.3757
2026-05-01 13:00:00,26,AFVG13,3.1595
2026-05-01 14:00:00,26,AFVG13,3.4149
2026-05-01 15:00:00,26,AFVG13,3.1934
2026-05-01 16:00:00,26,AFVG13,2.7647
2026-05-01 17:00:00,26,AFVG13,2.9395
2026-05-01 18:00:00,26,AFVG13,3.0579
2026-05-01 19:00:00,26,AFVG13,3.2357
2026-05-01 20:00:00,26,AFVG13,2.5911
2026-05-01 21:00:00,26,AFVG13,2.5883
2026-05-01 22:00:00,26,AFVG13,2.3069
2026-05-01 23:00:00,26,AFVG13,2.5229
2026-05-02 00:00:00,26,AFVG13,2.4443
2026-05-02 01:00:00,26,AFVG13,2.3523
2026-05-02 02:00:00,26,AFVG13,2.0893
2026-05-02 03:00:00,26,AFVG13,2.3165
2026-05-02 04:00:00,26,AFVG13,2.4265
2026-05-02 05:00:00,26,AFVG13,2.3148
2026-05-02 06:00:00,26,AFVG13,2.1303
2026-05-02 07:00:00,26,AFVG13,2.0398
2026-05-02 08:00:00,26,AFVG13,2.1601
2026-05-02 09:00:00,26,AFVG13,1.989
2026-05-02 10:00:00,26,AFVG13,1.6224
2026-05-02 11:00:00,26,AFVG13,1.7426
2026-05-02 12:00:00,26,AFVG13,2.211
2026-05-02 13:00:00,26,AFVG13,2.2177
2026-05-02 14:00:00,26,AFVG13,2.0186
2026-05-02 15:00:00,26,AFVG13,1.9435
2026-05-02 16:00:00,26,AFVG13,2.0506
2026-05-02 17:00:00,26,AFVG13,1.9414
2026-05-02 18:00:00,26,AFVG13,2.1409
2026-05-02 19:00:00,26,AFVG13,2.4914
2026-05-02 20:00:00,26,AFVG13,2.1912
2026-05-02 21:00:00,26,AFVG13,2.2266
2026-05-02 22:00:00,26,AFVG13,2.2094
2026-05-02 23:00:00,26,AFVG13,2.5111
2026-05-03 00:00:00,26,AFVG13,2.4107
2026-05-03 01:00:00,26,AFVG13,2.7268
2026-05-03 02:00:00,26,AFVG13,2.6615
2026-05-03 03:00:00,26,AFVG13,3.0406
2026-05-03 04:00:00,26,AFVG13,2.9592
2026-05-03 05:00:00,26,AFVG13,3.0251
2026-05-03 06:00:00,26,AFVG13,2.8258
2026-05-03 07:00:00,26,AFVG13,3.1235
2026-05-03 08:00:00,26,AFVG13,3.2476
2026-05-03 09:00:00,26,AFVG13,3.3343
2026-05-03 10:00:00,26,AFVG13,3.4151
2026-05-03 11:00:00,26,AFVG13,3.4565
2026-05-03 12:00:00,26,AFVG13,3.3362
2026-05-03 13:00:00,26,AFVG13,3.2201
2026-05-03 14:00:00,26,AFVG13,3.4795
2026-05-03 15:00:00,26,AFVG13,3.8602
2026-05-03 16:00:00,26,AFVG13,3.8845
2026-05-03 17:00:00,26,AFVG13,3.9868
2026-05-03 18:00:00,26,AFVG13,3.91
2026-05-03 19:00:00,26,AFVG13,3.9342
2026-05-03 20:00:00,26,AFVG13,3.9359
2026-05-03 21:00:00,26,AFVG13,3.7037
2026-05-03 22:00:00,26,AFVG13,4.0067
2026-05-03 23:00:00,26,AFVG13,3.896
2026-05-01 00:00:00,27,AFVG13,3.8581
2026-05-01 01:00:00,27,AFVG13,3.7718
2026-05-01 02:00:00,27,AFVG13,3.8742
2026-05-01 03:00:00,27,AFVG13,3.9796
2026-05-01 04:00:00,27,AFVG13,3.9145
2026-05-01 05:00:00,27,AFVG13,3.5956
2026-05-01 06:00:00,27,AFVG13,3.7191
2026-05-01 07:00:00,27,AFVG13,3.6085
2026-05-01 08:00:00,27,AFVG13,3.2505
2026-05-01 09:00:00,27,AFVG13,3.6218
2026-05-01 10:00:00,27,AFVG13,3.3091
2026-05-01 11:00:00,27,AFVG13,3.4158
2026-05-01 12:00:00,27,AFVG13,3.1303
2026-05-01 13:00:00,27,AFVG13,3.2842
2026-05-01 14:00:00,27,AFVG13,3.2721
2026-05-01 15:00:00,27,AFVG13,3.0408
2026-05-01 16:00:00,27,AFVG13,2.9998
2026-05-01 17:00:00,27,AFVG13,2.7376
2026-05-01 18:00:00,27,AFVG13,2.7066
2026-05-01 19:00:00,27,AFVG13,2.5065
2026-05-01 20:00:00,27,AFVG13,2.7546
2026-05-01 21:00:00,27,AFVG13,2.6999
2026-05-01 22:00:00,27,AFVG13,2.3785
2026-05-01 23:00:00,27,AFVG13,2.3886
2026-05-02 00:00:00,27,AFVG13,2.2195
2026-05-02 01:00:00,27,AFVG13,2.0645
2026-05-02 02:00:00,27,AFVG13,2.1302
2026-05-02 03:00:00,27,AFVG13,1.9798
2026-05-02 04:00:00,27,AFVG13,1.8261
2026-05-02 05:00:00,27,AFVG13,2.1256
2026-05-02 06:00:00,27,AFVG13,1.9022
2026-05-02 07:00:00,27,AFVG13,2.0222
2026-05-02 08:00:00,27,AFVG13,1.6134
2026-05-02 09:00:00,27,AFVG13,2.0159
2026-05-02 10:00:00,27,AFVG13,1.8962
2026-05-02 11:00:00,27,AFVG13,1.9106
2026-05-02 12:00:00,27,AFVG13,2.1463
2026-05-02 13:00:00,27,AFVG13,2.0155
2026-05-02 14:00:00,27,AFVG13,2.1035
2026-05-02 15:00:00,27,AFVG13,2.0981
2026-05-02 16:00:00,27,AFVG13,2.1999
2026-05-02 17:00:00,27,AFVG13,2.0527
2026-05-02 18:00:00,27,AFVG13,2.2192
2026-05-02 19:00:00,27,AFVG13,2.2408
2026-05-02 20:00:00,27,AFVG13,2.4421
2026-05-02 21:00:00,27,AFVG13,2.3138
2026-05-02 22:00:00,27,AFVG13,2.5819
2026-05-02 23:00:00,27,AFVG13,2.6206
2026-05-03 00:00:00,27,AFVG13,2.5297
2026-05-03 01:00:00,27,AFVG13,2.8041
2026-05-03 02:00:00,27,AFVG13,2.7155
2026-05-03 03:00:00,27,AFVG13,2.7613
2026-05-03 04:00:00,27,AFVG13,2.8201
2026-05-03 05:00:00,27,AFVG13,2.8623
2026-05-03 06:00:00,27,AFVG13,3.1533
2026-05-03 07:00:00,27,AFVG13,3.1595
2026-05-03 08:00:00,27,AFVG13,3.224
2026-05-03 09:00:00,27,AFVG13,3.4774
2026-05-03 10:00:00,27,AFVG13,3.5583
2026-05-03 11:00:00,27,AFVG13,3.5164
2026-05-03 12:00:00,27,AFVG13,3.28
2026-05-03 13:00:00,27,AFVG13,3.7094
2026-05-03 14:00:00,27,AFVG13,3.4048
2026-05-03 15:00:00,27,AFVG13,3.6219
2026-05-03 16:00:00,27,AFVG13,3.7835
2026-05-03 17:00:00,27,AFVG13,4.0841
2026-05-03 18:00:00,27,AFVG13,3.522
2026-05-03 19:00:00,27,AFVG13,3.6987
2026-05-03 20:00:00,27,AFVG13,3.8488
2026-05-03 21:00:00,27,AFVG13,4.0809
2026-05-03 22:00:00,27,AFVG13,3.7467
2026-05-03 23:00:00,27,AFVG13,3.8789
2026-05-01 00:00:00,28,AFVG13,4.1071
2026-05-01 01:00:00,28,AFVG13,4.0227
2026-05-01 02:00:00,28,AFVG13,3.7583
2026-05-01 03:00:00,28,AFVG13,3.9546
2026-05-01 04:00:00,28,AFVG13,3.7629
2026-05-01 05:00:00,28,AFVG13,3.5565
2026-05-01 06:00:00,28,AFVG13,3.523
2026-05-01 07:00:00,28,AFVG13,3.4691
2026-05-01 08:00:00,28,AFVG13,3.3307
2026-05-01 09:00:00,28,AFVG13,3.4871
2026-05-01 10:00:00,28,AFVG13,3.4928
2026-05-01 11:00:00,28,AFVG13,3.0458
2026-05-01 12:00:00,28,AFVG13,3.2806
2026-05-01 13:00:00,28,AFVG13,2.9414
2026-05-01 14:00:00,28,AFVG13,3.004
2026-05-01 15:00:00,28,AFVG13,2.9772
2026-05-01 16:00:00,28,AFVG13,3.0009
2026-05-01 17:00:00,28,AFVG13,2.7635
2026-05-01 18:00:00,28,AFVG13,2.7243
2026-05-01 19:00:00,28,AFVG13,2.8534
2026-05-01 20:00:00,28,AFVG13,2.776
2026-05-01 21:00:00,28,AFVG13,2.6197
2026-05-01 22:00:00,28,AFVG13,2.506
2026-05-01 23:00:00,28,AFVG13,2.4056
2026-05-02 00:00:00,28,AFVG13,2.5158
2026-05-02 01:00:00,28,AFVG13,2.3262
2026-05-02 02:00:00,28,AFVG13,2.065
2026-05-02 03:00:00,28,AFVG13,2.1395
2026-05-02 04:00:00,28,AFVG13,2.1481
2026-05-02 05:00:00,28,AFVG13,1.8469
2026-05-02 06:00:00,28,AFVG13,1.945
2026-05-02 07:00:00,28,AFVG13,2.2709
2026-05-02 08:00:00,28,AFVG13,1.8331
2026-05-02 09:00:00,28,AFVG13,2.0765
2026-05-02 10:00:00,28,AFVG13,2.0502
2026-05-02 11:00:00,28,AFVG13,2.1582
2026-05-02 12:00:00,28,AFVG13,1.9139
2026-05-02 13:00:00,28,AFVG13,1.9377
2026-05-02 14:00:00,28,AFVG13,2.0926
2026-05-02 15:00:00,28,AFVG13,2.0269
2026-05-02 16:00:00,28,AFVG13,2.3963
2026-05-02 17:00:00,28,AFVG13,2.2399
2026-05-02 18:00:00,28,AFVG13,2.3946
2026-05-02 19:00:00,28,AFVG13,2.1764
2026-05-02 20:00:00,28,AFVG13,2.4782
2026-05-02 21:00:00,28,AFVG13,2.8311
2026-05-02 22:00:00,28,AFVG13,2.5213
2026-05-02 23:00:00,28,AFVG13,2.4364
2026-05-03 00:00:00,28,AFVG13,2.8532
2026-05-03 01:00:00,28,AFVG13,2.6913
2026-05-03 02:00:00,28,AFVG13,2.6509
2026-05-03 03:00:00,28,AFVG13,2.7577
2026-05-03 04:00:00,28,AFVG13,2.8329
2026-05-03 05:00:00,28,AFVG13,3.1718
2026-05-03 06:00:00,28,AFVG13,3.0484
2026-05-03 07:00:00,28,AFVG13,3.1269
2026-05-03 08:00:00,28,AFVG13,3.281
2026-05-03 09:00:00,28,AFVG13,3.4779
2026-05-03 10:00:00,28,AFVG13,3.6218
2026-05-03 11:00:00,28,AFVG13,3.7442
2026-05-03 12:00:00,28,AFVG13,3.5765
2026-05-03 13:00:00,28,AFVG13,3.8415
2026-05-03 14:00:00,28,AFVG13,3.6289
2026-05-03 15:00:00,28,AFVG13,4.0563
2026-05-03 16:00:00,28,AFVG13,3.9399
2026-05-03 17:00:00,28,AFVG13,3.9281
2026-05-03 18:00:00,28,AFVG13,3.6852
2026-05-03 19:00:00,28,AFVG13,4.0983
2026-05-03 20:00:00,28,AFVG13,3.9041
2026-05-03 21:00:00,28,AFVG13,3.8979
2026-05-03 22:00:00,28,AFVG13,3.875
2026-05-03 23:00:00,28,AFVG13,3.9088
2026-05-01 00:00:00,29,AFVG13,3.9704
2026-05-01 01:00:00,29,AFVG13,3.9205
2026-05-01 02:00:00,29,AFVG13,3.8182
2026-05-01 03:00:00,29,AFVG13,4.0399
2026-05-01 04:00:00,29,AFVG13,3.5147
2026-05-01 05:00:00,29,AFVG13,3.6832
2026-05-01 06:00:00,29,AFVG13,3.3749
2026-05-01 07:00:00,29,AFVG13,3.5886
2026-05-01 08:00:00,29,AFVG13,3.5164
2026-05-01 09:00:00,29,AFVG13,3.3741
2026-05-01 10:00:00,29,AFVG13,3.3506
2026-05-01 11:00:00,29,AFVG13,3.2814
2026-05-01 12:00:00,29,AFVG13,3.184
2026-05-01 13:00:00,29,AFVG13,2.8206
2026-05-01 14:00:00,29,AFVG13,3.0766
2026-05-01 15:00:00,29,AFVG13,3.1244
2026-05-01 16:00:00,29,AFVG13,2.9486
2026-05-01 17:00:00,29,AFVG13,2.6606
2026-05-01 18:00:00,29,AFVG13,2.9162
2026-05-01 19:00:00,29,AFVG13,2.5826
2026-05-01 20:00:00,29,AFVG13,2.6489
2026-05-01 21:00:00,29,AFVG13,2.5065
2026-05-01 22:00:00,29,AFVG13,2.5557
2026-05-01 23:00:00,29,AFVG13,2.0403
2026-05-02 00:00:00,29,AFVG13,2.105
2026-05-02 01:00:00,29,AFVG13,2.2528
2026-05-02 02:00:00,29,AFVG13,2.0942
2026-05-02 03:00:00,29,AFVG13,2.0375
2026-05-02 04:00:00,29,AFVG13,2.2859
2026-05-02 05:00:00,29,AFVG13,1.9509
2026-05-02 06:00:00,29,AFVG13,2.063
2026-05-02 07:00:00,29,AFVG13,2.0614
2026-05-02 08:00:00,29,AFVG13,1.9662
2026-05-02 09:00:00,29,AFVG13,1.6552
2026-05-02 10:00:00,29,AFVG13,1.7321
2026-05-02 11:00:00,29,AFVG13,1.9885
2026-05-02 12:00:00,29,AFVG13,2.3802
2026-05-02 13:00:00,29,AFVG13,1.9713
2026-05-02 14:00:00,29,AFVG13,2.1114
2026-05-02 15:00:00,29,AFVG13,2.4685
2026-05-02 16:00:00,29,AFVG13,2.2102
2026-05-02 17:00:00,29,AFVG13,2.3341
2026-05-02 18:00:00,29,AFVG13,2.3628
2026-05-02 19:00:00,29,AFVG13,2.2535
2026-05-02 20:00:00,29,AFVG13,2.3179
2026-05-02 21:00:00,29,AFVG13,2.4424
2026-05-02 22:00:00,29,AFVG13,2.5913
2026-05-02 23:00:00,29,AFVG13,2.5598
2026-05-03 00:00:00,29,AFVG13,2.6754
2026-05-03 01:00:00,29,AFVG13,2.87
2026-05-03 02:00:00,29,AFVG13,3.0935
2026-05-03 03:00:00,29,AFVG13,3.3508
2026-05-03 04:00:00,29,AFVG13,2.9734
2026-05-03 05:00:00,29,AFVG13,3.2054
2026-05-03 06:00:00,29,AFVG13,3.097
2026-05-03 07:00:00,29,AFVG13,3.2313
2026-05-03 08:00:00,29,AFVG13,3.1438
2026-05-03 09:00:00,29,AFVG13,3.7356
2026-05-03 10:00:00,29,AFVG13,3.4842
2026-05-03 11:00:00,29,AFVG13,3.7598
2026-05-03 12:00:00,29,AFVG13,3.5211
2026-05-03 13:00:00,29,AFVG13,3.3863
2026-05-03 14:00:00,29,AFVG13,4.0479
2026-05-03 15:00:00,29,AFVG13,3.5974
2026-05-03 16:00:00,29,AFVG13,3.727
2026-05-03 17:00:00,29,AFVG13,4.0986
2026-05-03 18:00:00,29,AFVG13,3.9614
2026-05-03 19:00:00,29,AFVG13,3.9433
2026-05-03 20:00:00,29,AFVG13,4.1879
2026-05-03 21:00:00,29,AFVG13,3.9549
2026-05-03 22:00:00,29,AFVG13,4.1201
2026-05-03 23:00:00,29,AFVG13,3.8102
2026-05-01 00:00:00,30,AFVG13,4.0773
2026-05-01 01:00:00,30,AFVG13,3.7347
2026-05-01 02:00:00,30,AFVG13,3.7943
2026-05-01 03:00:00,30,AFVG13,3.6037
2026-05-01 04:00:00,30,AFVG13,3.5285
2026-05-01 05:00:00,30,AFVG13,3.5431
2026-05-01 06:00:00,30,AFVG13,3.6531
2026-05-01 07:00:00,30,AFVG13,3.4057
2026-05-01 08:00:00,30,AFVG13,3.3954
2026-05-01 09:00:00,30,AFVG13,3.2167
2026-05-01 10:00:00,30,AFVG13,3.4053
2026-05-01 11:00:00,30,AFVG13,2.9049
2026-05-01 12:00:00,30,AFVG13,2.7901
2026-05-01 13:00:00,30,AFVG13,3.1704
2026-05-01 14:00:00,30,AFVG13,2.5511
2026-05-01 15:00:00,30,AFVG13,3.0512
2026-05-01 16:00:00,30,AFVG13,2.7101
2026-05-01 17:00:00,30,AFVG13,2.6989
2026-05-01 18:00:00,30,AFVG13,2.606
2026-05-01 19:00:00,30,AFVG13,2.3857
2026-05-01 20:00:00,30,AFVG13,2.4925
2026-05-01 21:00:00,30,AFVG13,2.655
2026-05-01 22:00:00,30,AFVG13,2.4714
2026-05-01 23:00:00,30,AFVG13,2.1256
2026-05-02 00:00:00,30,AFVG13,2.3677
2026-05-02 01:00:00,30,AFVG13,1.9609
2026-05-02 02:00:00,30,AFVG13,2.0649
2026-05-02 03:00:00,30,AFVG13,2.0868
2026-05-02 04:00:00,30,AFVG13,2.2252
2026-05-02 05:00:00,30,AFVG13,1.8113
2026-05-02 06:00:00,30,AFVG13,2.1639
2026-05-02 07:00:00,30,AFVG13,1.9386
2026-05-02 08:00:00,30,AFVG13,1.7557
2026-05-02 09:00:00,30,AFVG13,2.1591
2026-05-02 10:00:00,30,AFVG13,1.9618
2026-05-02 11:00:00,30,AFVG13,1.7454
2026-05-02 12:00:00,30,AFVG13,2.1937
2026-05-02 13:00:00,30,AFVG13,1.8559
2026-05-02 14:00:00,30,AFVG13,2.093
2026-05-02 15:00:00,30,AFVG13,2.0275
2026-05-02 16:00:00,30,AFVG13,2.1272
2026-05-02 17:00:00,30,AFVG13,2.4697
2026-05-02 18:00:00,30,AFVG13,2.464
2026-05-02 19:00:00,30,AFVG13,2.2093
2026-05-02 20:00:00,30,AFVG13,2.4723
2026-05-02 21:00:00,30,AFVG13,2.5905
2026-05-02 22:00:00,30,AFVG13,2.8607
2026-05-02 23:00:00,30,AFVG13,2.8057
2026-05-03 00:00:00,30,AFVG13,2.6363
2026-05-03 01:00:00,30,AFVG13,2.7067
2026-05-03 02:00:00,30,AFVG13,3.0831
2026-05-03 03:00:00,30,AFVG13,3.1813
2026-05-03 04:00:00,30,AFVG13,3.0595
2026-05-03 05:00:00,30,AFVG13,3.1374
2026-05-03 06:00:00,30,AFVG13,3.388
2026-05-03 07:00:00,30,AFVG13,3.433
2026-05-03 08:00:00,30,AFVG13,3.0704
2026-05-03 09:00:00,30,AFVG13,3.4962
2026-05-03 10:00:00,30,AFVG13,3.7288
2026-05-03 11:00:00,30,AFVG13,3.4468
2026-05-03 12:00:00,30,AFVG13,3.8596
2026-05-03 13:00:00,30,AFVG13,3.5962
2026-05-03 14:00:00,30,AFVG13,3.8673
2026-05-03 15:00:00,30,AFVG13,3.7488
2026-05-03 16:00:00,30,AFVG13,3.6706
2026-05-03 17:00:00,30,AFVG13,3.9768
2026-05-03 18:00:00,30,AFVG13,3.9526
2026-05-03 19:00:00,30,AFVG13,4.2137
2026-05-03 20:00:00,30,AFVG13,4.1209
2026-05-03 21:00:00,30,AFVG13,3.7618
2026-05-03 22:00:00,30,AFVG13,4.0461
2026-05-03 23:00:00,30,AFVG13,4.134
